,STATION,ELEMENT,YEAR,TIMEFUNCTION,MDFUNCTION,VALUE,FLAG_REPEAT,FLAG_INTERRUPTED,Unnamed: 8
0,0-203-0-11514,TMI,1775,21:00,AVG,7.4,,,
4,0-203-0-11514,TMI,1775,21:00,GE(20),9.0,,,
8,0-203-0-11514,TMI,1775,21:00,L(0),48.0,,,
12,0-203-0-11514,TMI,1775,21:00,L(-12),2.0,,,
16,0-203-0-11514,TMI,1775,21:00,MAX,22.4,,,
20,0-203-0-11514,TMI,1775,21:00,MIN,-16.0,,,
24,0-203-0-11514,TMI,1776,21:00,AVG,5.3,,,
28,0-203-0-11514,TMI,1776,21:00,GE(20),2.0,,,
32,0-203-0-11514,TMI,1776,21:00,L(0),77.0,,,
36,0-203-0-11514,TMI,1776,21:00,L(-12),14.0,,,
40,0-203-0-11514,TMI,1776,21:00,MAX,21.2,,,
44,0-203-0-11514,TMI,1776,21:00,MIN,-22.7,,,
48,0-203-0-11514,TMI,1777,21:00,AVG,5.6,,,
52,0-203-0-11514,TMI,1777,21:00,GE(20),0.0,,,
56,0-203-0-11514,TMI,1777,21:00,L(0),82.0,,,
60,0-203-0-11514,TMI,1777,21:00,L(-12),1.0,,,
64,0-203-0-11514,TMI,1777,21:00,MAX,17.9,,,
68,0-203-0-11514,TMI,1777,21:00,MIN,-12.4,,,
72,0-203-0-11514,TMI,1778,21:00,AVG,6.6,,,
76,0-203-0-11514,TMI,1778,21:00,GE(20),7.0,,,
80,0-203-0-11514,TMI,1778,21:00,L(0),72.0,,,
84,0-203-0-11514,TMI,1778,21:00,L(-12),0.0,,,
88,0-203-0-11514,TMI,1778,21:00,MAX,21.7,,,
92,0-203-0-11514,TMI,1778,21:00,MIN,-9.9,,,
96,0-203-0-11514,TMI,1779,21:00,AVG,6.8,,,
100,0-203-0-11514,TMI,1779,21:00,GE(20),1.0,,,
104,0-203-0-11514,TMI,1779,21:00,L(0),72.0,,,
108,0-203-0-11514,TMI,1779,21:00,L(-12),1.0,,,
112,0-203-0-11514,TMI,1779,21:00,MAX,20.5,,,
116,0-203-0-11514,TMI,1779,21:00,MIN,-13.0,,,
120,0-203-0-11514,TMI,1780,21:00,AVG,5.3,,,
124,0-203-0-11514,TMI,1780,21:00,GE(20),1.0,,,
128,0-203-0-11514,TMI,1780,21:00,L(0),89.0,,,
132,0-203-0-11514,TMI,1780,21:00,L(-12),7.0,,,
136,0-203-0-11514,TMI,1780,21:00,MAX,20.1,,,
140,0-203-0-11514,TMI,1780,21:00,MIN,-16.2,,,
144,0-203-0-11514,TMI,1781,21:00,AVG,6.9,,,
148,0-203-0-11514,TMI,1781,21:00,GE(20),14.0,,,
152,0-203-0-11514,TMI,1781,21:00,L(0),74.0,,,
156,0-203-0-11514,TMI,1781,21:00,L(-12),1.0,,,
160,0-203-0-11514,TMI,1781,21:00,MAX,23.5,,,
164,0-203-0-11514,TMI,1781,21:00,MIN,-12.7,,,
168,0-203-0-11514,TMI,1782,21:00,AVG,5.7,,,
172,0-203-0-11514,TMI,1782,21:00,GE(20),4.0,,,
176,0-203-0-11514,TMI,1782,21:00,L(0),94.0,,,
180,0-203-0-11514,TMI,1782,21:00,L(-12),8.0,,,
184,0-203-0-11514,TMI,1782,21:00,MAX,23.8,,,
188,0-203-0-11514,TMI,1782,21:00,MIN,-18.8,,,
192,0-203-0-11514,TMI,1783,21:00,AVG,6.8,,,
196,0-203-0-11514,TMI,1783,21:00,GE(20),4.0,,,
200,0-203-0-11514,TMI,1783,21:00,L(0),82.0,,,
204,0-203-0-11514,TMI,1783,21:00,L(-12),3.0,,,
208,0-203-0-11514,TMI,1783,21:00,MAX,21.8,,,
212,0-203-0-11514,TMI,1783,21:00,MIN,-21.5,,,
216,0-203-0-11514,TMI,1784,21:00,AVG,4.9,,,
220,0-203-0-11514,TMI,1784,21:00,GE(20),3.0,,,
224,0-203-0-11514,TMI,1784,21:00,L(0),113.0,,,
228,0-203-0-11514,TMI,1784,21:00,L(-12),20.0,,,
232,0-203-0-11514,TMI,1784,21:00,MAX,20.4,,,
236,0-203-0-11514,TMI,1784,21:00,MIN,-25.5,,,
240,0-203-0-11514,TMI,1785,21:00,AVG,4.3,,,
244,0-203-0-11514,TMI,1785,21:00,GE(20),4.0,,,
248,0-203-0-11514,TMI,1785,21:00,L(0),120.0,,,
252,0-203-0-11514,TMI,1785,21:00,L(-12),18.0,,,
256,0-203-0-11514,TMI,1785,21:00,MAX,22.7,,,
260,0-203-0-11514,TMI,1785,21:00,MIN,-27.6,,,
264,0-203-0-11514,TMI,1786,21:00,AVG,4.2,,,
268,0-203-0-11514,TMI,1786,21:00,GE(20),0.0,,,
272,0-203-0-11514,TMI,1786,21:00,L(0),108.0,,,
276,0-203-0-11514,TMI,1786,21:00,L(-12),13.0,,,
280,0-203-0-11514,TMI,1786,21:00,MAX,17.7,,,
284,0-203-0-11514,TMI,1786,21:00,MIN,-21.1,,,
288,0-203-0-11514,TMI,1787,21:00,AVG,7.1,,,
292,0-203-0-11514,TMI,1787,21:00,GE(20),8.0,,,
296,0-203-0-11514,TMI,1787,21:00,L(0),72.0,,,
300,0-203-0-11514,TMI,1787,21:00,L(-12),0.0,,,
304,0-203-0-11514,TMI,1787,21:00,MAX,22.8,,,
308,0-203-0-11514,TMI,1787,21:00,MIN,-10.8,,,
312,0-203-0-11514,TMI,1788,21:00,AVG,6.4,,,
316,0-203-0-11514,TMI,1788,21:00,GE(20),11.0,,,
320,0-203-0-11514,TMI,1788,21:00,L(0),80.0,,,
324,0-203-0-11514,TMI,1788,21:00,L(-12),17.0,,,
328,0-203-0-11514,TMI,1788,21:00,MAX,22.4,,,
332,0-203-0-11514,TMI,1788,21:00,MIN,-23.8,,,
336,0-203-0-11514,TMI,1789,21:00,AVG,7.1,,,
340,0-203-0-11514,TMI,1789,21:00,GE(20),0.0,,,
344,0-203-0-11514,TMI,1789,21:00,L(0),70.0,,,
348,0-203-0-11514,TMI,1789,21:00,L(-12),12.0,,,
352,0-203-0-11514,TMI,1789,21:00,MAX,19.9,,,
356,0-203-0-11514,TMI,1789,21:00,MIN,-27.2,,,
360,0-203-0-11514,TMI,1790,21:00,AVG,7.1,,,
364,0-203-0-11514,TMI,1790,21:00,GE(20),1.0,,,
368,0-203-0-11514,TMI,1790,21:00,L(0),46.0,,,
372,0-203-0-11514,TMI,1790,21:00,L(-12),0.0,,,
376,0-203-0-11514,TMI,1790,21:00,MAX,22.0,,,
380,0-203-0-11514,TMI,1790,21:00,MIN,-6.2,,,
384,0-203-0-11514,TMI,1791,21:00,AVG,8.0,,,
388,0-203-0-11514,TMI,1791,21:00,GE(20),10.0,,,
392,0-203-0-11514,TMI,1791,21:00,L(0),45.0,,,
396,0-203-0-11514,TMI,1791,21:00,L(-12),0.0,,,
400,0-203-0-11514,TMI,1791,21:00,MAX,22.5,*,,
404,0-203-0-11514,TMI,1791,21:00,MIN,-6.6,,,
408,0-203-0-11514,TMI,1792,21:00,AVG,7.0,,,
412,0-203-0-11514,TMI,1792,21:00,GE(20),4.0,,,
416,0-203-0-11514,TMI,1792,21:00,L(0),73.0,,,
420,0-203-0-11514,TMI,1792,21:00,L(-12),7.0,,,
424,0-203-0-11514,TMI,1792,21:00,MAX,21.9,,,
428,0-203-0-11514,TMI,1792,21:00,MIN,-17.6,,,
432,0-203-0-11514,TMI,1793,21:00,AVG,7.5,,,
436,0-203-0-11514,TMI,1793,21:00,GE(20),5.0,,,
440,0-203-0-11514,TMI,1793,21:00,L(0),43.0,,,
444,0-203-0-11514,TMI,1793,21:00,L(-12),6.0,,,
448,0-203-0-11514,TMI,1793,21:00,MAX,22.8,,,
452,0-203-0-11514,TMI,1793,21:00,MIN,-21.6,,,
456,0-203-0-11514,TMI,1794,21:00,AVG,8.5,,,
460,0-203-0-11514,TMI,1794,21:00,GE(20),5.0,,,
464,0-203-0-11514,TMI,1794,21:00,L(0),37.0,,,
468,0-203-0-11514,TMI,1794,21:00,L(-12),0.0,,,
472,0-203-0-11514,TMI,1794,21:00,MAX,22.0,,,
476,0-203-0-11514,TMI,1794,21:00,MIN,-9.9,,,
480,0-203-0-11514,TMI,1795,21:00,AVG,6.7,,,
484,0-203-0-11514,TMI,1795,21:00,GE(20),0.0,,,
488,0-203-0-11514,TMI,1795,21:00,L(0),70.0,,,
492,0-203-0-11514,TMI,1795,21:00,L(-12),15.0,,,
496,0-203-0-11514,TMI,1795,21:00,MAX,19.6,,,
500,0-203-0-11514,TMI,1795,21:00,MIN,-22.6,,,
504,0-203-0-11514,TMI,1796,21:00,AVG,6.9,,,
508,0-203-0-11514,TMI,1796,21:00,GE(20),0.0,,,
512,0-203-0-11514,TMI,1796,21:00,L(0),69.0,,,
516,0-203-0-11514,TMI,1796,21:00,L(-12),3.0,,,
520,0-203-0-11514,TMI,1796,21:00,MAX,19.4,,,
524,0-203-0-11514,TMI,1796,21:00,MIN,-15.7,,,
528,0-203-0-11514,TMI,1797,21:00,AVG,7.8,,,
532,0-203-0-11514,TMI,1797,21:00,GE(20),2.0,,,
536,0-203-0-11514,TMI,1797,21:00,L(0),60.0,,,
540,0-203-0-11514,TMI,1797,21:00,L(-12),0.0,,,
544,0-203-0-11514,TMI,1797,21:00,MAX,21.3,,,
548,0-203-0-11514,TMI,1797,21:00,MIN,-6.4,*,,
552,0-203-0-11514,TMI,1798,21:00,AVG,7.3,,,
556,0-203-0-11514,TMI,1798,21:00,GE(20),20.0,,,
560,0-203-0-11514,TMI,1798,21:00,L(0),76.0,,,
564,0-203-0-11514,TMI,1798,21:00,L(-12),8.0,,,
568,0-203-0-11514,TMI,1798,21:00,MAX,22.9,,,
572,0-203-0-11514,TMI,1798,21:00,MIN,-22.1,,,
576,0-203-0-11514,TMI,1799,21:00,AVG,4.4,,,
580,0-203-0-11514,TMI,1799,21:00,GE(20),1.0,,,
584,0-203-0-11514,TMI,1799,21:00,L(0),103.0,,,
588,0-203-0-11514,TMI,1799,21:00,L(-12),31.0,,,
592,0-203-0-11514,TMI,1799,21:00,MAX,20.2,,,
596,0-203-0-11514,TMI,1799,21:00,MIN,-24.8,,,
600,0-203-0-11514,TMI,1800,21:00,AVG,7.0,,,
604,0-203-0-11514,TMI,1800,21:00,GE(20),2.0,,,
608,0-203-0-11514,TMI,1800,21:00,L(0),83.0,,,
612,0-203-0-11514,TMI,1800,21:00,L(-12),3.0,,,
616,0-203-0-11514,TMI,1800,21:00,MAX,20.4,,,
620,0-203-0-11514,TMI,1800,21:00,MIN,-13.5,*,,
624,0-203-0-11514,TMI,1801,21:00,AVG,7.9,,,
628,0-203-0-11514,TMI,1801,21:00,GE(20),0.0,,,
632,0-203-0-11514,TMI,1801,21:00,L(0),53.0,,,
636,0-203-0-11514,TMI,1801,21:00,L(-12),1.0,,,
640,0-203-0-11514,TMI,1801,21:00,MAX,19.6,,,
644,0-203-0-11514,TMI,1801,21:00,MIN,-13.2,,,
648,0-203-0-11514,TMI,1802,21:00,AVG,6.8,,,
652,0-203-0-11514,TMI,1802,21:00,GE(20),6.0,,,
656,0-203-0-11514,TMI,1802,21:00,L(0),65.0,,,
660,0-203-0-11514,TMI,1802,21:00,L(-12),3.0,,,
664,0-203-0-11514,TMI,1802,21:00,MAX,22.4,,,
668,0-203-0-11514,TMI,1802,21:00,MIN,-17.5,,,
672,0-203-0-11514,TMI,1803,21:00,AVG,6.1,,,
676,0-203-0-11514,TMI,1803,21:00,GE(20),2.0,,,
680,0-203-0-11514,TMI,1803,21:00,L(0),86.0,,,
684,0-203-0-11514,TMI,1803,21:00,L(-12),10.0,,,
688,0-203-0-11514,TMI,1803,21:00,MAX,20.7,,,
692,0-203-0-11514,TMI,1803,21:00,MIN,-16.1,,,
696,0-203-0-11514,TMI,1804,21:00,AVG,6.5,,,
700,0-203-0-11514,TMI,1804,21:00,GE(20),8.0,,,
704,0-203-0-11514,TMI,1804,21:00,L(0),93.0,,,
708,0-203-0-11514,TMI,1804,21:00,L(-12),5.0,,,
712,0-203-0-11514,TMI,1804,21:00,MAX,22.2,,,
716,0-203-0-11514,TMI,1804,21:00,MIN,-18.4,,,
720,0-203-0-11514,TMI,1805,21:00,AVG,4.8,,,
724,0-203-0-11514,TMI,1805,21:00,GE(20),0.0,,,
728,0-203-0-11514,TMI,1805,21:00,L(0),113.0,,,
732,0-203-0-11514,TMI,1805,21:00,L(-12),11.0,,,
736,0-203-0-11514,TMI,1805,21:00,MAX,18.4,,,
740,0-203-0-11514,TMI,1805,21:00,MIN,-20.8,,,
744,0-203-0-11514,TMI,1806,21:00,AVG,7.8,,,
748,0-203-0-11514,TMI,1806,21:00,GE(20),1.0,,,
752,0-203-0-11514,TMI,1806,21:00,L(0),31.0,,,
756,0-203-0-11514,TMI,1806,21:00,L(-12),0.0,,,
760,0-203-0-11514,TMI,1806,21:00,MAX,20.0,,,
764,0-203-0-11514,TMI,1806,21:00,MIN,-7.1,,,
768,0-203-0-11514,TMI,1807,21:00,AVG,7.4,,,
772,0-203-0-11514,TMI,1807,21:00,GE(20),20.0,,,
776,0-203-0-11514,TMI,1807,21:00,L(0),75.0,,,
780,0-203-0-11514,TMI,1807,21:00,L(-12),0.0,,,
784,0-203-0-11514,TMI,1807,21:00,MAX,21.8,*,,
788,0-203-0-11514,TMI,1807,21:00,MIN,-6.8,,,
792,0-203-0-11514,TMI,1808,21:00,AVG,5.7,,,
796,0-203-0-11514,TMI,1808,21:00,GE(20),5.0,,,
800,0-203-0-11514,TMI,1808,21:00,L(0),117.0,,,
804,0-203-0-11514,TMI,1808,21:00,L(-12),12.0,,,
808,0-203-0-11514,TMI,1808,21:00,MAX,21.5,,,
812,0-203-0-11514,TMI,1808,21:00,MIN,-19.6,,,
816,0-203-0-11514,TMI,1809,21:00,AVG,6.6,,,
820,0-203-0-11514,TMI,1809,21:00,GE(20),4.0,,,
824,0-203-0-11514,TMI,1809,21:00,L(0),68.0,,,
828,0-203-0-11514,TMI,1809,21:00,L(-12),6.0,,,
832,0-203-0-11514,TMI,1809,21:00,MAX,21.1,,,
836,0-203-0-11514,TMI,1809,21:00,MIN,-19.4,,,
840,0-203-0-11514,TMI,1810,21:00,AVG,6.0,,,
844,0-203-0-11514,TMI,1810,21:00,GE(20),0.0,,,
848,0-203-0-11514,TMI,1810,21:00,L(0),79.0,,,
852,0-203-0-11514,TMI,1810,21:00,L(-12),3.0,,,
856,0-203-0-11514,TMI,1810,21:00,MAX,19.3,,,
860,0-203-0-11514,TMI,1810,21:00,MIN,-17.7,,,
864,0-203-0-11514,TMI,1811,21:00,AVG,7.7,,,
868,0-203-0-11514,TMI,1811,21:00,GE(20),16.0,,,
872,0-203-0-11514,TMI,1811,21:00,L(0),74.0,,,
876,0-203-0-11514,TMI,1811,21:00,L(-12),9.0,,,
880,0-203-0-11514,TMI,1811,21:00,MAX,21.7,*,,
884,0-203-0-11514,TMI,1811,21:00,MIN,-21.4,,,
888,0-203-0-11514,TMI,1812,21:00,AVG,5.2,,,
892,0-203-0-11514,TMI,1812,21:00,GE(20),0.0,,,
896,0-203-0-11514,TMI,1812,21:00,L(0),111.0,,,
900,0-203-0-11514,TMI,1812,21:00,L(-12),14.0,,,
904,0-203-0-11514,TMI,1812,21:00,MAX,19.3,,,
908,0-203-0-11514,TMI,1812,21:00,MIN,-18.4,,,
912,0-203-0-11514,TMI,1813,21:00,AVG,6.3,,,
916,0-203-0-11514,TMI,1813,21:00,GE(20),0.0,,,
920,0-203-0-11514,TMI,1813,21:00,L(0),74.0,,,
924,0-203-0-11514,TMI,1813,21:00,L(-12),2.0,,,
928,0-203-0-11514,TMI,1813,21:00,MAX,18.2,,,
932,0-203-0-11514,TMI,1813,21:00,MIN,-13.5,,,
936,0-203-0-11514,TMI,1814,21:00,AVG,5.1,,,
940,0-203-0-11514,TMI,1814,21:00,GE(20),0.0,,,
944,0-203-0-11514,TMI,1814,21:00,L(0),85.0,,,
948,0-203-0-11514,TMI,1814,21:00,L(-12),16.0,,,
952,0-203-0-11514,TMI,1814,21:00,MAX,19.8,,,
956,0-203-0-11514,TMI,1814,21:00,MIN,-18.1,,,
960,0-203-0-11514,TMI,1815,21:00,AVG,6.2,,,
964,0-203-0-11514,TMI,1815,21:00,GE(20),0.0,,,
968,0-203-0-11514,TMI,1815,21:00,L(0),75.0,,,
972,0-203-0-11514,TMI,1815,21:00,L(-12),5.0,,,
976,0-203-0-11514,TMI,1815,21:00,MAX,18.7,,,
980,0-203-0-11514,TMI,1815,21:00,MIN,-14.4,,,
984,0-203-0-11514,TMI,1816,21:00,AVG,5.9,,,
988,0-203-0-11514,TMI,1816,21:00,GE(20),0.0,,,
992,0-203-0-11514,TMI,1816,21:00,L(0),73.0,,,
996,0-203-0-11514,TMI,1816,21:00,L(-12),2.0,,,
1000,0-203-0-11514,TMI,1816,21:00,MAX,18.0,,,
1004,0-203-0-11514,TMI,1816,21:00,MIN,-14.0,,,
1008,0-203-0-11514,TMI,1817,21:00,AVG,6.8,,,
1012,0-203-0-11514,TMI,1817,21:00,GE(20),0.0,,,
1016,0-203-0-11514,TMI,1817,21:00,L(0),36.0,,,
1020,0-203-0-11514,TMI,1817,21:00,L(-12),0.0,,,
1024,0-203-0-11514,TMI,1817,21:00,MAX,18.9,,,
1028,0-203-0-11514,TMI,1817,21:00,MIN,-8.1,*,,
1032,0-203-0-11514,TMI,1818,21:00,AVG,7.0,,,
1036,0-203-0-11514,TMI,1818,21:00,GE(20),2.0,,,
1040,0-203-0-11514,TMI,1818,21:00,L(0),64.0,,,
1044,0-203-0-11514,TMI,1818,21:00,L(-12),0.0,,,
1048,0-203-0-11514,TMI,1818,21:00,MAX,20.2,,,
1052,0-203-0-11514,TMI,1818,21:00,MIN,-10.9,,,
1056,0-203-0-11514,TMI,1819,21:00,AVG,7.3,,,
1060,0-203-0-11514,TMI,1819,21:00,GE(20),3.0,,,
1064,0-203-0-11514,TMI,1819,21:00,L(0),54.0,,,
1068,0-203-0-11514,TMI,1819,21:00,L(-12),0.0,,,
1072,0-203-0-11514,TMI,1819,21:00,MAX,21.2,,,
1076,0-203-0-11514,TMI,1819,21:00,MIN,-9.7,,,
1080,0-203-0-11514,TMI,1820,21:00,AVG,6.0,,,
1084,0-203-0-11514,TMI,1820,21:00,GE(20),2.0,,,
1088,0-203-0-11514,TMI,1820,21:00,L(0),86.0,,,
1092,0-203-0-11514,TMI,1820,21:00,L(-12),13.0,,,
1096,0-203-0-11514,TMI,1820,21:00,MAX,21.2,,,
1100,0-203-0-11514,TMI,1820,21:00,MIN,-24.0,,,
1104,0-203-0-11514,TMI,1821,21:00,AVG,6.8,,,
1108,0-203-0-11514,TMI,1821,21:00,GE(20),0.0,,,
1112,0-203-0-11514,TMI,1821,21:00,L(0),65.0,,,
1116,0-203-0-11514,TMI,1821,21:00,L(-12),1.0,,,
1120,0-203-0-11514,TMI,1821,21:00,MAX,18.4,,,
1124,0-203-0-11514,TMI,1821,21:00,MIN,-13.0,,,
1128,0-203-0-11514,TMI,1822,21:00,AVG,7.4,,,
1132,0-203-0-11514,TMI,1822,21:00,GE(20),0.0,,,
1136,0-203-0-11514,TMI,1822,21:00,L(0),50.0,,,
1140,0-203-0-11514,TMI,1822,21:00,L(-12),4.0,,,
1144,0-203-0-11514,TMI,1822,21:00,MAX,19.2,*,,
1148,0-203-0-11514,TMI,1822,21:00,MIN,-15.8,,,
1152,0-203-0-11514,TMI,1823,21:00,AVG,6.6,,,
1156,0-203-0-11514,TMI,1823,21:00,GE(20),0.0,,,
1160,0-203-0-11514,TMI,1823,21:00,L(0),64.0,,,
1164,0-203-0-11514,TMI,1823,21:00,L(-12),17.0,,,
1168,0-203-0-11514,TMI,1823,21:00,MAX,19.0,*,,
1172,0-203-0-11514,TMI,1823,21:00,MIN,-23.1,,,
1176,0-203-0-11514,TMI,1824,21:00,AVG,7.4,,,
1180,0-203-0-11514,TMI,1824,21:00,GE(20),0.0,,,
1184,0-203-0-11514,TMI,1824,21:00,L(0),38.0,,,
1188,0-203-0-11514,TMI,1824,21:00,L(-12),0.0,,,
1192,0-203-0-11514,TMI,1824,21:00,MAX,18.1,*,,
1196,0-203-0-11514,TMI,1824,21:00,MIN,-8.2,,,
1200,0-203-0-11514,TMI,1825,21:00,AVG,7.1,,,
1204,0-203-0-11514,TMI,1825,21:00,GE(20),0.0,,,
1208,0-203-0-11514,TMI,1825,21:00,L(0),52.0,,,
1212,0-203-0-11514,TMI,1825,21:00,L(-12),0.0,,,
1216,0-203-0-11514,TMI,1825,21:00,MAX,19.1,,,
1220,0-203-0-11514,TMI,1825,21:00,MIN,-9.0,,,
1224,0-203-0-11514,TMI,1826,21:00,AVG,6.7,,,
1228,0-203-0-11514,TMI,1826,21:00,GE(20),4.0,,,
1232,0-203-0-11514,TMI,1826,21:00,L(0),68.0,,,
1236,0-203-0-11514,TMI,1826,21:00,L(-12),12.0,,,
1240,0-203-0-11514,TMI,1826,21:00,MAX,20.9,,,
1244,0-203-0-11514,TMI,1826,21:00,MIN,-17.8,,,
1248,0-203-0-11514,TMI,1827,21:00,AVG,6.0,,,
1252,0-203-0-11514,TMI,1827,21:00,GE(20),4.0,,,
1256,0-203-0-11514,TMI,1827,21:00,L(0),79.0,,,
1260,0-203-0-11514,TMI,1827,21:00,L(-12),14.0,,,
1264,0-203-0-11514,TMI,1827,21:00,MAX,20.5,,,
1268,0-203-0-11514,TMI,1827,21:00,MIN,-22.1,,,
1272,0-203-0-11514,TMI,1828,21:00,AVG,6.6,,,
1276,0-203-0-11514,TMI,1828,21:00,GE(20),3.0,,,
1280,0-203-0-11514,TMI,1828,21:00,L(0),57.0,,,
1284,0-203-0-11514,TMI,1828,21:00,L(-12),7.0,,,
1288,0-203-0-11514,TMI,1828,21:00,MAX,21.0,,,
1292,0-203-0-11514,TMI,1828,21:00,MIN,-15.7,*,,
1296,0-203-0-11514,TMI,1829,21:00,AVG,3.8,,,
1300,0-203-0-11514,TMI,1829,21:00,GE(20),1.0,,,
1304,0-203-0-11514,TMI,1829,21:00,L(0),132.0,,,
1308,0-203-0-11514,TMI,1829,21:00,L(-12),20.0,,,
1312,0-203-0-11514,TMI,1829,21:00,MAX,20.7,,,
1316,0-203-0-11514,TMI,1829,21:00,MIN,-24.3,,,
1320,0-203-0-11514,TMI,1830,21:00,AVG,5.8,,,
1324,0-203-0-11514,TMI,1830,21:00,GE(20),4.0,,,
1328,0-203-0-11514,TMI,1830,21:00,L(0),79.0,,,
1332,0-203-0-11514,TMI,1830,21:00,L(-12),17.0,,,
1336,0-203-0-11514,TMI,1830,21:00,MAX,22.2,*,,
1340,0-203-0-11514,TMI,1830,21:00,MIN,-27.5,,,
1344,0-203-0-11514,TMI,1831,21:00,AVG,6.4,,,
1348,0-203-0-11514,TMI,1831,21:00,GE(20),0.0,,,
1352,0-203-0-11514,TMI,1831,21:00,L(0),60.0,,,
1356,0-203-0-11514,TMI,1831,21:00,L(-12),10.0,,,
1360,0-203-0-11514,TMI,1831,21:00,MAX,19.5,,,
1364,0-203-0-11514,TMI,1831,21:00,MIN,-21.0,,,
1368,0-203-0-11514,TMI,1832,21:00,AVG,6.0,,,
1372,0-203-0-11514,TMI,1832,21:00,GE(20),1.0,,,
1376,0-203-0-11514,TMI,1832,21:00,L(0),83.0,,,
1380,0-203-0-11514,TMI,1832,21:00,L(-12),0.0,,,
1384,0-203-0-11514,TMI,1832,21:00,MAX,21.3,,,
1388,0-203-0-11514,TMI,1832,21:00,MIN,-11.0,,,
1392,0-203-0-11514,TMI,1833,21:00,AVG,6.6,,,
1396,0-203-0-11514,TMI,1833,21:00,GE(20),2.0,,,
1400,0-203-0-11514,TMI,1833,21:00,L(0),57.0,,,
1404,0-203-0-11514,TMI,1833,21:00,L(-12),5.0,,,
1408,0-203-0-11514,TMI,1833,21:00,MAX,21.0,,,
1412,0-203-0-11514,TMI,1833,21:00,MIN,-13.8,,,
1416,0-203-0-11514,TMI,1834,21:00,AVG,7.5,,,
1420,0-203-0-11514,TMI,1834,21:00,GE(20),4.0,,,
1424,0-203-0-11514,TMI,1834,21:00,L(0),66.0,,,
1428,0-203-0-11514,TMI,1834,21:00,L(-12),0.0,,,
1432,0-203-0-11514,TMI,1834,21:00,MAX,20.8,,,
1436,0-203-0-11514,TMI,1834,21:00,MIN,-8.4,,,
1440,0-203-0-11514,TMI,1835,21:00,AVG,6.1,,,
1444,0-203-0-11514,TMI,1835,21:00,GE(20),2.0,,,
1448,0-203-0-11514,TMI,1835,21:00,L(0),77.0,,,
1452,0-203-0-11514,TMI,1835,21:00,L(-12),1.0,,,
1456,0-203-0-11514,TMI,1835,21:00,MAX,21.0,,,
1460,0-203-0-11514,TMI,1835,21:00,MIN,-12.6,,,
1464,0-203-0-11514,TMI,1836,21:00,AVG,6.1,,,
1468,0-203-0-11514,TMI,1836,21:00,GE(20),0.0,,,
1472,0-203-0-11514,TMI,1836,21:00,L(0),65.0,,,
1476,0-203-0-11514,TMI,1836,21:00,L(-12),2.0,,,
1480,0-203-0-11514,TMI,1836,21:00,MAX,18.8,,,
1484,0-203-0-11514,TMI,1836,21:00,MIN,-14.5,,,
1488,0-203-0-11514,TMI,1837,21:00,AVG,5.1,,,
1492,0-203-0-11514,TMI,1837,21:00,GE(20),3.0,,,
1496,0-203-0-11514,TMI,1837,21:00,L(0),93.0,,,
1500,0-203-0-11514,TMI,1837,21:00,L(-12),2.0,,,
1504,0-203-0-11514,TMI,1837,21:00,MAX,20.4,,,
1508,0-203-0-11514,TMI,1837,21:00,MIN,-12.1,*,,
1512,0-203-0-11514,TMI,1838,21:00,AVG,3.6,,,
1516,0-203-0-11514,TMI,1838,21:00,GE(20),0.0,,,
1520,0-203-0-11514,TMI,1838,21:00,L(0),105.0,,,
1524,0-203-0-11514,TMI,1838,21:00,L(-12),27.0,,,
1528,0-203-0-11514,TMI,1838,21:00,MAX,19.9,,,
1532,0-203-0-11514,TMI,1838,21:00,MIN,-22.0,,,
1536,0-203-0-11514,TMI,1839,21:00,AVG,5.9,,,
1540,0-203-0-11514,TMI,1839,21:00,GE(20),0.0,,,
1544,0-203-0-11514,TMI,1839,21:00,L(0),91.0,,,
1548,0-203-0-11514,TMI,1839,21:00,L(-12),0.0,,,
1552,0-203-0-11514,TMI,1839,21:00,MAX,19.3,,,
1556,0-203-0-11514,TMI,1839,21:00,MIN,-10.1,,,
1560,0-203-0-11514,TMI,1840,21:00,AVG,4.0,,,
1564,0-203-0-11514,TMI,1840,21:00,GE(20),0.0,,,
1568,0-203-0-11514,TMI,1840,21:00,L(0),101.0,,,
1572,0-203-0-11514,TMI,1840,21:00,L(-12),23.0,,,
1576,0-203-0-11514,TMI,1840,21:00,MAX,17.8,,,
1580,0-203-0-11514,TMI,1840,21:00,MIN,-21.5,,,
1584,0-203-0-11514,TMI,1841,21:00,AVG,5.9,,,
1588,0-203-0-11514,TMI,1841,21:00,GE(20),0.0,,,
1592,0-203-0-11514,TMI,1841,21:00,L(0),77.0,,,
1596,0-203-0-11514,TMI,1841,21:00,L(-12),15.0,,,
1600,0-203-0-11514,TMI,1841,21:00,MAX,19.1,,,
1604,0-203-0-11514,TMI,1841,21:00,MIN,-21.3,,,
1608,0-203-0-11514,TMI,1842,21:00,AVG,5.0,,,
1612,0-203-0-11514,TMI,1842,21:00,GE(20),1.0,,,
1616,0-203-0-11514,TMI,1842,21:00,L(0),104.0,,,
1620,0-203-0-11514,TMI,1842,21:00,L(-12),8.0,,,
1624,0-203-0-11514,TMI,1842,21:00,MAX,20.2,,,
1628,0-203-0-11514,TMI,1842,21:00,MIN,-15.6,,,
1632,0-203-0-11514,TMI,1843,21:00,AVG,6.2,,,
1636,0-203-0-11514,TMI,1843,21:00,GE(20),0.0,,,
1640,0-203-0-11514,TMI,1843,21:00,L(0),53.0,,,
1644,0-203-0-11514,TMI,1843,21:00,L(-12),0.0,,,
1648,0-203-0-11514,TMI,1843,21:00,MAX,17.8,*,,
1652,0-203-0-11514,TMI,1843,21:00,MIN,-7.5,*,,
1656,0-203-0-11514,TMI,1844,21:00,AVG,5.2,,,
1660,0-203-0-11514,TMI,1844,21:00,GE(20),0.0,,,
1664,0-203-0-11514,TMI,1844,21:00,L(0),98.0,,,
1668,0-203-0-11514,TMI,1844,21:00,L(-12),0.0,,,
1672,0-203-0-11514,TMI,1844,21:00,MAX,18.2,,,
1676,0-203-0-11514,TMI,1844,21:00,MIN,-11.6,*,,
1680,0-203-0-11514,TMI,1845,21:00,AVG,5.0,,,
1684,0-203-0-11514,TMI,1845,21:00,GE(20),2.0,,,
1688,0-203-0-11514,TMI,1845,21:00,L(0),85.0,,,
1692,0-203-0-11514,TMI,1845,21:00,L(-12),13.0,,,
1696,0-203-0-11514,TMI,1845,21:00,MAX,21.5,,,
1700,0-203-0-11514,TMI,1845,21:00,MIN,-20.7,,,
1704,0-203-0-11514,TMI,1846,21:00,AVG,6.7,,,
1708,0-203-0-11514,TMI,1846,21:00,GE(20),2.0,,,
1712,0-203-0-11514,TMI,1846,21:00,L(0),74.0,,,
1716,0-203-0-11514,TMI,1846,21:00,L(-12),7.0,,,
1720,0-203-0-11514,TMI,1846,21:00,MAX,20.3,,,
1724,0-203-0-11514,TMI,1846,21:00,MIN,-16.2,,,
1728,0-203-0-11514,TMI,1847,21:00,AVG,5.0,,,
1732,0-203-0-11514,TMI,1847,21:00,GE(20),0.0,,,
1736,0-203-0-11514,TMI,1847,21:00,L(0),96.0,,,
1740,0-203-0-11514,TMI,1847,21:00,L(-12),2.0,,,
1744,0-203-0-11514,TMI,1847,21:00,MAX,18.7,,,
1748,0-203-0-11514,TMI,1847,21:00,MIN,-14.3,,,
1752,0-203-0-11514,TMI,1848,21:00,AVG,5.6,,,
1756,0-203-0-11514,TMI,1848,21:00,GE(20),2.0,,,
1760,0-203-0-11514,TMI,1848,21:00,L(0),74.0,,,
1764,0-203-0-11514,TMI,1848,21:00,L(-12),16.0,,,
1768,0-203-0-11514,TMI,1848,21:00,MAX,21.2,,,
1772,0-203-0-11514,TMI,1848,21:00,MIN,-19.1,,,
1776,0-203-0-11514,TMI,1849,21:00,AVG,4.9,,,
1780,0-203-0-11514,TMI,1849,21:00,GE(20),0.0,,,
1784,0-203-0-11514,TMI,1849,21:00,L(0),90.0,,,
1788,0-203-0-11514,TMI,1849,21:00,L(-12),13.0,,,
1792,0-203-0-11514,TMI,1849,21:00,MAX,18.9,,,
1796,0-203-0-11514,TMI,1849,21:00,MIN,-26.5,,,
1800,0-203-0-11514,TMI,1850,21:00,AVG,5.2,,,
1804,0-203-0-11514,TMI,1850,21:00,GE(20),0.0,,,
1808,0-203-0-11514,TMI,1850,21:00,L(0),91.0,,,
1812,0-203-0-11514,TMI,1850,21:00,L(-12),9.0,,,
1816,0-203-0-11514,TMI,1850,21:00,MAX,18.3,*,,
1820,0-203-0-11514,TMI,1850,21:00,MIN,-26.8,,,
1824,0-203-0-11514,TMI,1851,21:00,AVG,5.6,,,
1828,0-203-0-11514,TMI,1851,21:00,GE(20),0.0,,,
1832,0-203-0-11514,TMI,1851,21:00,L(0),97.0,,,
1836,0-203-0-11514,TMI,1851,21:00,L(-12),1.0,,,
1840,0-203-0-11514,TMI,1851,21:00,MAX,18.1,*,,
1844,0-203-0-11514,TMI,1851,21:00,MIN,-14.0,,,
1848,0-203-0-11514,TMI,1852,21:00,AVG,6.3,,,
1852,0-203-0-11514,TMI,1852,21:00,GE(20),0.0,,,
1856,0-203-0-11514,TMI,1852,21:00,L(0),84.0,,,
1860,0-203-0-11514,TMI,1852,21:00,L(-12),0.0,,,
1864,0-203-0-11514,TMI,1852,21:00,MAX,19.0,,,
1868,0-203-0-11514,TMI,1852,21:00,MIN,-10.0,,,
1872,0-203-0-11514,TMI,1853,21:00,AVG,4.7,,,
1876,0-203-0-11514,TMI,1853,21:00,GE(20),1.0,,,
1880,0-203-0-11514,TMI,1853,21:00,L(0),115.0,,,
1884,0-203-0-11514,TMI,1853,21:00,L(-12),6.0,,,
1888,0-203-0-11514,TMI,1853,21:00,MAX,20.2,,,
1892,0-203-0-11514,TMI,1853,21:00,MIN,-24.8,,,
1896,0-203-0-11514,TMI,1854,21:00,AVG,5.4,,,
1900,0-203-0-11514,TMI,1854,21:00,GE(20),0.0,,,
1904,0-203-0-11514,TMI,1854,21:00,L(0),95.0,,,
1908,0-203-0-11514,TMI,1854,21:00,L(-12),0.0,,,
1912,0-203-0-11514,TMI,1854,21:00,MAX,19.5,,,
1916,0-203-0-11514,TMI,1854,21:00,MIN,-10.5,,,
1920,0-203-0-11514,TMI,1855,21:00,AVG,4.0,,,
1924,0-203-0-11514,TMI,1855,21:00,GE(20),0.0,,,
1928,0-203-0-11514,TMI,1855,21:00,L(0),104.0,,,
1932,0-203-0-11514,TMI,1855,21:00,L(-12),26.0,,,
1936,0-203-0-11514,TMI,1855,21:00,MAX,18.9,*,,
1940,0-203-0-11514,TMI,1855,21:00,MIN,-22.7,,,
1944,0-203-0-11514,TMI,1856,21:00,AVG,5.1,,,
1948,0-203-0-11514,TMI,1856,21:00,GE(20),0.0,,,
1952,0-203-0-11514,TMI,1856,21:00,L(0),103.0,,,
1956,0-203-0-11514,TMI,1856,21:00,L(-12),8.0,,,
1960,0-203-0-11514,TMI,1856,21:00,MAX,19.1,,,
1964,0-203-0-11514,TMI,1856,21:00,MIN,-16.0,,,
1968,0-203-0-11514,TMI,1857,21:00,AVG,5.5,,,
1972,0-203-0-11514,TMI,1857,21:00,GE(20),1.0,,,
1976,0-203-0-11514,TMI,1857,21:00,L(0),97.0,,,
1980,0-203-0-11514,TMI,1857,21:00,L(-12),12.0,,,
1984,0-203-0-11514,TMI,1857,21:00,MAX,21.1,,,
1988,0-203-0-11514,TMI,1857,21:00,MIN,-18.3,,,
1992,0-203-0-11514,TMI,1858,21:00,AVG,4.3,,,
1996,0-203-0-11514,TMI,1858,21:00,GE(20),0.0,,,
2000,0-203-0-11514,TMI,1858,21:00,L(0),121.0,,,
2004,0-203-0-11514,TMI,1858,21:00,L(-12),18.0,,,
2008,0-203-0-11514,TMI,1858,21:00,MAX,18.8,,,
2012,0-203-0-11514,TMI,1858,21:00,MIN,-17.2,,,
2016,0-203-0-11514,TMI,1859,21:00,AVG,6.5,,,
2020,0-203-0-11514,TMI,1859,21:00,GE(20),1.0,,,
2024,0-203-0-11514,TMI,1859,21:00,L(0),80.0,,,
2028,0-203-0-11514,TMI,1859,21:00,L(-12),0.0,,,
2032,0-203-0-11514,TMI,1859,21:00,MAX,21.0,,,
2036,0-203-0-11514,TMI,1859,21:00,MIN,-11.1,*,,
2040,0-203-0-11514,TMI,1860,21:00,AVG,5.3,,,
2044,0-203-0-11514,TMI,1860,21:00,GE(20),0.0,,,
2048,0-203-0-11514,TMI,1860,21:00,L(0),99.0,,,
2052,0-203-0-11514,TMI,1860,21:00,L(-12),0.0,,,
2056,0-203-0-11514,TMI,1860,21:00,MAX,18.8,,,
2060,0-203-0-11514,TMI,1860,21:00,MIN,-9.1,,,
2064,0-203-0-11514,TMI,1861,21:00,AVG,5.5,,,
2068,0-203-0-11514,TMI,1861,21:00,GE(20),2.0,,,
2072,0-203-0-11514,TMI,1861,21:00,L(0),67.0,,,
2076,0-203-0-11514,TMI,1861,21:00,L(-12),13.0,,,
2080,0-203-0-11514,TMI,1861,21:00,MAX,21.4,,,
2084,0-203-0-11514,TMI,1861,21:00,MIN,-21.8,,,
2088,0-203-0-11514,TMI,1862,21:00,AVG,6.2,,,
2092,0-203-0-11514,TMI,1862,21:00,GE(20),0.0,,,
2096,0-203-0-11514,TMI,1862,21:00,L(0),84.0,,,
2100,0-203-0-11514,TMI,1862,21:00,L(-12),3.0,,,
2104,0-203-0-11514,TMI,1862,21:00,MAX,19.2,,,
2108,0-203-0-11514,TMI,1862,21:00,MIN,-14.2,,,
2112,0-203-0-11514,TMI,1863,21:00,AVG,7.1,,,
2116,0-203-0-11514,TMI,1863,21:00,GE(20),2.0,,,
2120,0-203-0-11514,TMI,1863,21:00,L(0),40.0,,,
2124,0-203-0-11514,TMI,1863,21:00,L(-12),0.0,,,
2128,0-203-0-11514,TMI,1863,21:00,MAX,20.9,,,
2132,0-203-0-11514,TMI,1863,21:00,MIN,-7.5,,,
2136,0-203-0-11514,TMI,1864,21:00,AVG,3.9,,,
2140,0-203-0-11514,TMI,1864,21:00,GE(20),0.0,,,
2144,0-203-0-11514,TMI,1864,21:00,L(0),110.0,,,
2148,0-203-0-11514,TMI,1864,21:00,L(-12),24.0,,,
2152,0-203-0-11514,TMI,1864,21:00,MAX,18.4,,,
2156,0-203-0-11514,TMI,1864,21:00,MIN,-20.5,,,
2160,0-203-0-11514,TMI,1865,21:00,AVG,5.4,,,
2164,0-203-0-11514,TMI,1865,21:00,GE(20),6.0,,,
2168,0-203-0-11514,TMI,1865,21:00,L(0),101.0,,,
2172,0-203-0-11514,TMI,1865,21:00,L(-12),10.0,,,
2176,0-203-0-11514,TMI,1865,21:00,MAX,23.8,,,
2180,0-203-0-11514,TMI,1865,21:00,MIN,-20.0,,,
2184,0-203-0-11514,TMI,1866,21:00,AVG,6.5,,,
2188,0-203-0-11514,TMI,1866,21:00,GE(20),0.0,,,
2192,0-203-0-11514,TMI,1866,21:00,L(0),79.0,,,
2196,0-203-0-11514,TMI,1866,21:00,L(-12),0.0,,,
2200,0-203-0-11514,TMI,1866,21:00,MAX,19.9,,,
2204,0-203-0-11514,TMI,1866,21:00,MIN,-7.1,*,,
2208,0-203-0-11514,TMI,1867,21:00,AVG,6.0,,,
2212,0-203-0-11514,TMI,1867,21:00,GE(20),0.0,,,
2216,0-203-0-11514,TMI,1867,21:00,L(0),86.0,,,
2220,0-203-0-11514,TMI,1867,21:00,L(-12),4.0,,,
2224,0-203-0-11514,TMI,1867,21:00,MAX,18.7,,,
2228,0-203-0-11514,TMI,1867,21:00,MIN,-15.0,,,
2232,0-203-0-11514,TMI,1868,21:00,AVG,7.5,,,
2236,0-203-0-11514,TMI,1868,21:00,GE(20),16.0,,,
2240,0-203-0-11514,TMI,1868,21:00,L(0),53.0,,,
2244,0-203-0-11514,TMI,1868,21:00,L(-12),4.0,,,
2248,0-203-0-11514,TMI,1868,21:00,MAX,22.4,,,
2252,0-203-0-11514,TMI,1868,21:00,MIN,-15.3,,,
2256,0-203-0-11514,TMI,1869,21:00,AVG,5.8,,,
2260,0-203-0-11514,TMI,1869,21:00,GE(20),1.0,,,
2264,0-203-0-11514,TMI,1869,21:00,L(0),71.0,,,
2268,0-203-0-11514,TMI,1869,21:00,L(-12),5.0,,,
2272,0-203-0-11514,TMI,1869,21:00,MAX,20.7,,,
2276,0-203-0-11514,TMI,1869,21:00,MIN,-18.1,,,
2280,0-203-0-11514,TMI,1870,21:00,AVG,4.2,,,
2284,0-203-0-11514,TMI,1870,21:00,GE(20),1.0,,,
2288,0-203-0-11514,TMI,1870,21:00,L(0),107.0,,,
2292,0-203-0-11514,TMI,1870,21:00,L(-12),18.0,,,
2296,0-203-0-11514,TMI,1870,21:00,MAX,22.9,,,
2300,0-203-0-11514,TMI,1870,21:00,MIN,-23.4,,,
2304,0-203-0-11514,TMI,1871,21:00,AVG,3.6,,,
2308,0-203-0-11514,TMI,1871,21:00,GE(20),0.0,,,
2312,0-203-0-11514,TMI,1871,21:00,L(0),112.0,,,
2316,0-203-0-11514,TMI,1871,21:00,L(-12),26.0,,,
2320,0-203-0-11514,TMI,1871,21:00,MAX,19.2,,,
2324,0-203-0-11514,TMI,1871,21:00,MIN,-24.4,,,
2328,0-203-0-11514,TMI,1872,21:00,AVG,6.8,,,
2332,0-203-0-11514,TMI,1872,21:00,GE(20),2.0,,,
2336,0-203-0-11514,TMI,1872,21:00,L(0),59.0,,,
2340,0-203-0-11514,TMI,1872,21:00,L(-12),0.0,,,
2344,0-203-0-11514,TMI,1872,21:00,MAX,20.8,,,
2348,0-203-0-11514,TMI,1872,21:00,MIN,-11.0,,,
2352,0-203-0-11514,TMI,1873,21:00,AVG,6.1,,,
2356,0-203-0-11514,TMI,1873,21:00,GE(20),0.0,,,
2360,0-203-0-11514,TMI,1873,21:00,L(0),61.0,,,
2364,0-203-0-11514,TMI,1873,21:00,L(-12),1.0,,,
2368,0-203-0-11514,TMI,1873,21:00,MAX,19.9,*,,
2372,0-203-0-11514,TMI,1873,21:00,MIN,-12.5,,,
2376,0-203-0-11514,TMI,1874,21:00,AVG,5.4,,,
2380,0-203-0-11514,TMI,1874,21:00,GE(20),1.0,,,
2384,0-203-0-11514,TMI,1874,21:00,L(0),95.0,,,
2388,0-203-0-11514,TMI,1874,21:00,L(-12),0.0,,,
2392,0-203-0-11514,TMI,1874,21:00,MAX,20.3,,,
2396,0-203-0-11514,TMI,1874,21:00,MIN,-11.3,,,
2400,0-203-0-11514,TMI,1875,21:00,AVG,4.6,,,
2404,0-203-0-11514,TMI,1875,21:00,GE(20),1.0,,,
2408,0-203-0-11514,TMI,1875,21:00,L(0),106.0,,,
2412,0-203-0-11514,TMI,1875,21:00,L(-12),14.0,,,
2416,0-203-0-11514,TMI,1875,21:00,MAX,20.2,,,
2420,0-203-0-11514,TMI,1875,21:00,MIN,-21.0,,,
2424,0-203-0-11514,TMI,1876,21:00,AVG,5.5,,,
2428,0-203-0-11514,TMI,1876,21:00,GE(20),1.0,,,
2432,0-203-0-11514,TMI,1876,21:00,L(0),87.0,,,
2436,0-203-0-11514,TMI,1876,21:00,L(-12),9.0,,,
2440,0-203-0-11514,TMI,1876,21:00,MAX,20.5,,,
2444,0-203-0-11514,TMI,1876,21:00,MIN,-20.2,,,
2448,0-203-0-11514,TMI,1877,21:00,AVG,5.8,,,
2452,0-203-0-11514,TMI,1877,21:00,GE(20),3.0,,,
2456,0-203-0-11514,TMI,1877,21:00,L(0),65.0,,,
2460,0-203-0-11514,TMI,1877,21:00,L(-12),0.0,,,
2464,0-203-0-11514,TMI,1877,21:00,MAX,21.0,,,
2468,0-203-0-11514,TMI,1877,21:00,MIN,-11.7,,,
2472,0-203-0-11514,TMI,1878,21:00,AVG,6.2,,,
2476,0-203-0-11514,TMI,1878,21:00,GE(20),0.0,,,
2480,0-203-0-11514,TMI,1878,21:00,L(0),81.0,,,
2484,0-203-0-11514,TMI,1878,21:00,L(-12),1.0,,,
2488,0-203-0-11514,TMI,1878,21:00,MAX,18.5,,,
2492,0-203-0-11514,TMI,1878,21:00,MIN,-12.2,,,
2496,0-203-0-11514,TMI,1879,21:00,AVG,4.5,,,
2500,0-203-0-11514,TMI,1879,21:00,GE(20),0.0,,,
2504,0-203-0-11514,TMI,1879,21:00,L(0),103.0,,,
2508,0-203-0-11514,TMI,1879,21:00,L(-12),21.0,,,
2512,0-203-0-11514,TMI,1879,21:00,MAX,19.6,,,
2516,0-203-0-11514,TMI,1879,21:00,MIN,-20.4,,,
2520,0-203-0-11514,TMI,1880,21:00,AVG,5.8,,,
2524,0-203-0-11514,TMI,1880,21:00,GE(20),0.0,,,
2528,0-203-0-11514,TMI,1880,21:00,L(0),79.0,,,
2532,0-203-0-11514,TMI,1880,21:00,L(-12),1.0,,,
2536,0-203-0-11514,TMI,1880,21:00,MAX,18.1,,,
2540,0-203-0-11514,TMI,1880,21:00,MIN,-13.1,,,
2544,0-203-0-11514,TMI,1881,21:00,AVG,4.7,,,
2548,0-203-0-11514,TMI,1881,21:00,GE(20),2.0,,,
2552,0-203-0-11514,TMI,1881,21:00,L(0),101.0,,,
2556,0-203-0-11514,TMI,1881,21:00,L(-12),8.0,,,
2560,0-203-0-11514,TMI,1881,21:00,MAX,21.0,,,
2564,0-203-0-11514,TMI,1881,21:00,MIN,-18.5,,,
2568,0-203-0-11514,TMI,1882,21:00,AVG,6.1,,,
2572,0-203-0-11514,TMI,1882,21:00,GE(20),0.0,,,
2576,0-203-0-11514,TMI,1882,21:00,L(0),69.0,,,
2580,0-203-0-11514,TMI,1882,21:00,L(-12),1.0,,,
2584,0-203-0-11514,TMI,1882,21:00,MAX,19.0,,,
2588,0-203-0-11514,TMI,1882,21:00,MIN,-12.1,,,
2592,0-203-0-11514,TMI,1883,21:00,AVG,5.5,,,
2596,0-203-0-11514,TMI,1883,21:00,GE(20),0.0,,,
2600,0-203-0-11514,TMI,1883,21:00,L(0),78.0,,,
2604,0-203-0-11514,TMI,1883,21:00,L(-12),0.0,,,
2608,0-203-0-11514,TMI,1883,21:00,MAX,19.2,,,
2612,0-203-0-11514,TMI,1883,21:00,MIN,-11.0,,,
2616,0-203-0-11514,TMI,1884,21:00,AVG,6.0,,,
2620,0-203-0-11514,TMI,1884,21:00,GE(20),0.0,,,
2624,0-203-0-11514,TMI,1884,21:00,L(0),59.0,,,
2628,0-203-0-11514,TMI,1884,21:00,L(-12),0.0,,,
2632,0-203-0-11514,TMI,1884,21:00,MAX,19.7,,,
2636,0-203-0-11514,TMI,1884,21:00,MIN,-10.3,,,
2640,0-203-0-11514,TMI,1885,21:00,AVG,5.7,,,
2644,0-203-0-11514,TMI,1885,21:00,GE(20),1.0,,,
2648,0-203-0-11514,TMI,1885,21:00,L(0),89.0,,,
2652,0-203-0-11514,TMI,1885,21:00,L(-12),3.0,,,
2656,0-203-0-11514,TMI,1885,21:00,MAX,20.0,,,
2660,0-203-0-11514,TMI,1885,21:00,MIN,-14.3,,,
2664,0-203-0-11514,TMI,1886,21:00,AVG,5.8,,,
2668,0-203-0-11514,TMI,1886,21:00,GE(20),1.0,,,
2672,0-203-0-11514,TMI,1886,21:00,L(0),86.0,,,
2676,0-203-0-11514,TMI,1886,21:00,L(-12),4.0,,,
2680,0-203-0-11514,TMI,1886,21:00,MAX,20.3,,,
2684,0-203-0-11514,TMI,1886,21:00,MIN,-13.7,,,
2688,0-203-0-11514,TMI,1887,21:00,AVG,4.8,,,
2692,0-203-0-11514,TMI,1887,21:00,GE(20),2.0,,,
2696,0-203-0-11514,TMI,1887,21:00,L(0),100.0,,,
2700,0-203-0-11514,TMI,1887,21:00,L(-12),6.0,,,
2704,0-203-0-11514,TMI,1887,21:00,MAX,20.7,*,,
2708,0-203-0-11514,TMI,1887,21:00,MIN,-16.5,,,
2712,0-203-0-11514,TMI,1888,21:00,AVG,4.9,,,
2716,0-203-0-11514,TMI,1888,21:00,GE(20),0.0,,,
2720,0-203-0-11514,TMI,1888,21:00,L(0),98.0,,,
2724,0-203-0-11514,TMI,1888,21:00,L(-12),6.0,,,
2728,0-203-0-11514,TMI,1888,21:00,MAX,19.1,,,
2732,0-203-0-11514,TMI,1888,21:00,MIN,-21.9,,,
2736,0-203-0-11514,TMI,1889,21:00,AVG,5.5,,,
2740,0-203-0-11514,TMI,1889,21:00,GE(20),1.0,,,
2744,0-203-0-11514,TMI,1889,21:00,L(0),111.0,,,
2748,0-203-0-11514,TMI,1889,21:00,L(-12),4.0,,,
2752,0-203-0-11514,TMI,1889,21:00,MAX,20.2,,,
2756,0-203-0-11514,TMI,1889,21:00,MIN,-15.6,,,
2760,0-203-0-11514,TMI,1890,21:00,AVG,5.3,,,
2764,0-203-0-11514,TMI,1890,21:00,GE(20),0.0,,,
2768,0-203-0-11514,TMI,1890,21:00,L(0),95.0,,,
2772,0-203-0-11514,TMI,1890,21:00,L(-12),4.0,,,
2776,0-203-0-11514,TMI,1890,21:00,MAX,19.2,*,,
2780,0-203-0-11514,TMI,1890,21:00,MIN,-13.8,,,
2784,0-203-0-11514,TMI,1891,21:00,AVG,5.2,,,
2788,0-203-0-11514,TMI,1891,21:00,GE(20),0.0,,,
2792,0-203-0-11514,TMI,1891,21:00,L(0),97.0,,,
2796,0-203-0-11514,TMI,1891,21:00,L(-12),8.0,,,
2800,0-203-0-11514,TMI,1891,21:00,MAX,19.4,,,
2804,0-203-0-11514,TMI,1891,21:00,MIN,-17.3,,,
2808,0-203-0-11514,TMI,1892,21:00,AVG,5.2,,,
2812,0-203-0-11514,TMI,1892,21:00,GE(20),4.0,,,
2816,0-203-0-11514,TMI,1892,21:00,L(0),95.0,,,
2820,0-203-0-11514,TMI,1892,21:00,L(-12),3.0,,,
2824,0-203-0-11514,TMI,1892,21:00,MAX,23.4,,,
2828,0-203-0-11514,TMI,1892,21:00,MIN,-16.7,,,
2832,0-203-0-11514,TMI,1893,21:00,AVG,5.2,,,
2836,0-203-0-11514,TMI,1893,21:00,GE(20),2.0,,,
2840,0-203-0-11514,TMI,1893,21:00,L(0),79.0,,,
2844,0-203-0-11514,TMI,1893,21:00,L(-12),15.0,,,
2848,0-203-0-11514,TMI,1893,21:00,MAX,21.5,,,
2852,0-203-0-11514,TMI,1893,21:00,MIN,-22.5,,,
2856,0-203-0-11514,TMI,1894,21:00,AVG,6.0,,,
2860,0-203-0-11514,TMI,1894,21:00,GE(20),0.0,,,
2864,0-203-0-11514,TMI,1894,21:00,L(0),66.0,,,
2868,0-203-0-11514,TMI,1894,21:00,L(-12),3.0,,,
2872,0-203-0-11514,TMI,1894,21:00,MAX,19.3,,,
2876,0-203-0-11514,TMI,1894,21:00,MIN,-16.4,,,
2880,0-203-0-11514,TMI,1895,21:00,AVG,4.9,,,
2884,0-203-0-11514,TMI,1895,21:00,GE(20),2.0,,,
2888,0-203-0-11514,TMI,1895,21:00,L(0),107.0,,,
2892,0-203-0-11514,TMI,1895,21:00,L(-12),14.0,,,
2896,0-203-0-11514,TMI,1895,21:00,MAX,20.8,,,
2900,0-203-0-11514,TMI,1895,21:00,MIN,-20.8,,,
2904,0-203-0-11514,TMI,1896,21:00,AVG,5.5,,,
2908,0-203-0-11514,TMI,1896,21:00,GE(20),0.0,,,
2912,0-203-0-11514,TMI,1896,21:00,L(0),88.0,,,
2916,0-203-0-11514,TMI,1896,21:00,L(-12),6.0,,,
2920,0-203-0-11514,TMI,1896,21:00,MAX,19.4,,,
2924,0-203-0-11514,TMI,1896,21:00,MIN,-15.3,,,
2928,0-203-0-11514,TMI,1897,21:00,AVG,6.2,,,
2932,0-203-0-11514,TMI,1897,21:00,GE(20),0.0,,,
2936,0-203-0-11514,TMI,1897,21:00,L(0),63.0,,,
2940,0-203-0-11514,TMI,1897,21:00,L(-12),0.0,,,
2944,0-203-0-11514,TMI,1897,21:00,MAX,19.6,,,
2948,0-203-0-11514,TMI,1897,21:00,MIN,-8.1,,,
2952,0-203-0-11514,TMI,1898,21:00,AVG,6.9,,,
2956,0-203-0-11514,TMI,1898,21:00,GE(20),1.0,,,
2960,0-203-0-11514,TMI,1898,21:00,L(0),51.0,,,
2964,0-203-0-11514,TMI,1898,21:00,L(-12),0.0,,,
2968,0-203-0-11514,TMI,1898,21:00,MAX,20.3,,,
2972,0-203-0-11514,TMI,1898,21:00,MIN,-7.8,,,
2976,0-203-0-11514,TMI,1899,21:00,AVG,5.4,,,
2980,0-203-0-11514,TMI,1899,21:00,GE(20),0.0,,,
2984,0-203-0-11514,TMI,1899,21:00,L(0),82.0,,,
2988,0-203-0-11514,TMI,1899,21:00,L(-12),10.0,,,
2992,0-203-0-11514,TMI,1899,21:00,MAX,18.8,,,
2996,0-203-0-11514,TMI,1899,21:00,MIN,-21.2,,,
3000,0-203-0-11514,TMI,1900,21:00,AVG,6.2,,,
3004,0-203-0-11514,TMI,1900,21:00,GE(20),0.0,,,
3008,0-203-0-11514,TMI,1900,21:00,L(0),71.0,,,
3012,0-203-0-11514,TMI,1900,21:00,L(-12),3.0,,,
3016,0-203-0-11514,TMI,1900,21:00,MAX,19.8,,,
3020,0-203-0-11514,TMI,1900,21:00,MIN,-14.9,,,
3024,0-203-0-11514,TMI,1901,21:00,AVG,5.4,,,
3028,0-203-0-11514,TMI,1901,21:00,GE(20),0.0,,,
3032,0-203-0-11514,TMI,1901,21:00,L(0),93.0,,,
3036,0-203-0-11514,TMI,1901,21:00,L(-12),19.0,,,
3040,0-203-0-11514,TMI,1901,21:00,MAX,18.5,,,
3044,0-203-0-11514,TMI,1901,21:00,MIN,-18.6,,,
3048,0-203-0-11514,TMI,1902,21:00,AVG,5.0,,,
3052,0-203-0-11514,TMI,1902,21:00,GE(20),0.0,,,
3056,0-203-0-11514,TMI,1902,21:00,L(0),80.0,,,
3060,0-203-0-11514,TMI,1902,21:00,L(-12),11.0,,,
3064,0-203-0-11514,TMI,1902,21:00,MAX,19.3,,,
3068,0-203-0-11514,TMI,1902,21:00,MIN,-19.0,,,
3072,0-203-0-11514,TMI,1903,21:00,AVG,6.4,,,
3076,0-203-0-11514,TMI,1903,21:00,GE(20),0.0,,,
3080,0-203-0-11514,TMI,1903,21:00,L(0),48.0,,,
3084,0-203-0-11514,TMI,1903,21:00,L(-12),5.0,,,
3088,0-203-0-11514,TMI,1903,21:00,MAX,18.6,,,
3092,0-203-0-11514,TMI,1903,21:00,MIN,-13.5,,,
3096,0-203-0-11514,TMI,1904,21:00,AVG,6.4,,,
3100,0-203-0-11514,TMI,1904,21:00,GE(20),2.0,,,
3104,0-203-0-11514,TMI,1904,21:00,L(0),57.0,,,
3108,0-203-0-11514,TMI,1904,21:00,L(-12),0.0,,,
3112,0-203-0-11514,TMI,1904,21:00,MAX,21.2,,,
3116,0-203-0-11514,TMI,1904,21:00,MIN,-10.0,,,
3120,0-203-0-11514,TMI,1905,21:00,AVG,6.2,,,
3124,0-203-0-11514,TMI,1905,21:00,GE(20),2.0,,,
3128,0-203-0-11514,TMI,1905,21:00,L(0),57.0,,,
3132,0-203-0-11514,TMI,1905,21:00,L(-12),5.0,,,
3136,0-203-0-11514,TMI,1905,21:00,MAX,21.6,,,
3140,0-203-0-11514,TMI,1905,21:00,MIN,-15.8,,,
3144,0-203-0-11514,TMI,1906,21:00,AVG,6.2,,,
3148,0-203-0-11514,TMI,1906,21:00,GE(20),1.0,,,
3152,0-203-0-11514,TMI,1906,21:00,L(0),73.0,,,
3156,0-203-0-11514,TMI,1906,21:00,L(-12),1.0,,,
3160,0-203-0-11514,TMI,1906,21:00,MAX,20.5,,,
3164,0-203-0-11514,TMI,1906,21:00,MIN,-13.3,,,
3168,0-203-0-11514,TMI,1907,21:00,AVG,5.8,,,
3172,0-203-0-11514,TMI,1907,21:00,GE(20),0.0,,,
3176,0-203-0-11514,TMI,1907,21:00,L(0),80.0,,,
3180,0-203-0-11514,TMI,1907,21:00,L(-12),4.0,,,
3184,0-203-0-11514,TMI,1907,21:00,MAX,19.8,,,
3188,0-203-0-11514,TMI,1907,21:00,MIN,-19.1,,,
3192,0-203-0-11514,TMI,1908,21:00,AVG,5.3,,,
3196,0-203-0-11514,TMI,1908,21:00,GE(20),0.0,,,
3200,0-203-0-11514,TMI,1908,21:00,L(0),91.0,,,
3204,0-203-0-11514,TMI,1908,21:00,L(-12),5.0,,,
3208,0-203-0-11514,TMI,1908,21:00,MAX,19.3,,,
3212,0-203-0-11514,TMI,1908,21:00,MIN,-17.6,,,
3216,0-203-0-11514,TMI,1909,21:00,AVG,5.4,,,
3220,0-203-0-11514,TMI,1909,21:00,GE(20),0.0,,,
3224,0-203-0-11514,TMI,1909,21:00,L(0),93.0,,,
3228,0-203-0-11514,TMI,1909,21:00,L(-12),1.0,,,
3232,0-203-0-11514,TMI,1909,21:00,MAX,19.0,,,
3236,0-203-0-11514,TMI,1909,21:00,MIN,-15.3,,,
3240,0-203-0-11514,TMI,1910,21:00,AVG,6.5,,,
3244,0-203-0-11514,TMI,1910,21:00,GE(20),0.0,,,
3248,0-203-0-11514,TMI,1910,21:00,L(0),61.0,,,
3252,0-203-0-11514,TMI,1910,21:00,L(-12),0.0,,,
3256,0-203-0-11514,TMI,1910,21:00,MAX,18.5,,,
3260,0-203-0-11514,TMI,1910,21:00,MIN,-5.7,,,
3264,0-203-0-11514,TMI,1911,21:00,AVG,6.7,,,
3268,0-203-0-11514,TMI,1911,21:00,GE(20),5.0,,,
3272,0-203-0-11514,TMI,1911,21:00,L(0),61.0,,,
3276,0-203-0-11514,TMI,1911,21:00,L(-12),0.0,,,
3280,0-203-0-11514,TMI,1911,21:00,MAX,22.5,,,
3284,0-203-0-11514,TMI,1911,21:00,MIN,-11.8,,,
3288,0-203-0-11514,TMI,1912,21:00,AVG,5.3,,,
3292,0-203-0-11514,TMI,1912,21:00,GE(20),0.0,,,
3296,0-203-0-11514,TMI,1912,21:00,L(0),69.0,,,
3300,0-203-0-11514,TMI,1912,21:00,L(-12),10.0,,,
3304,0-203-0-11514,TMI,1912,21:00,MAX,18.5,,,
3308,0-203-0-11514,TMI,1912,21:00,MIN,-16.5,,,
3312,0-203-0-11514,TMI,1913,21:00,AVG,6.2,,,
3316,0-203-0-11514,TMI,1913,21:00,GE(20),0.0,,,
3320,0-203-0-11514,TMI,1913,21:00,L(0),65.0,,,
3324,0-203-0-11514,TMI,1913,21:00,L(-12),0.0,,,
3328,0-203-0-11514,TMI,1913,21:00,MAX,18.6,,,
3332,0-203-0-11514,TMI,1913,21:00,MIN,-11.3,,,
3336,0-203-0-11514,TMI,1914,21:00,AVG,6.2,,,
3340,0-203-0-11514,TMI,1914,21:00,GE(20),0.0,,,
3344,0-203-0-11514,TMI,1914,21:00,L(0),63.0,,,
3348,0-203-0-11514,TMI,1914,21:00,L(-12),1.0,,,
3352,0-203-0-11514,TMI,1914,21:00,MAX,19.4,,,
3356,0-203-0-11514,TMI,1914,21:00,MIN,-12.2,,,
3360,0-203-0-11514,TMI,1915,21:00,AVG,5.6,,,
3364,0-203-0-11514,TMI,1915,21:00,GE(20),0.0,,,
3368,0-203-0-11514,TMI,1915,21:00,L(0),70.0,,,
3372,0-203-0-11514,TMI,1915,21:00,L(-12),0.0,,,
3376,0-203-0-11514,TMI,1915,21:00,MAX,19.8,,,
3380,0-203-0-11514,TMI,1915,21:00,MIN,-11.6,,,
3384,0-203-0-11514,TMI,1916,21:00,AVG,6.8,,,
3388,0-203-0-11514,TMI,1916,21:00,GE(20),0.0,,,
3392,0-203-0-11514,TMI,1916,21:00,L(0),35.0,,,
3396,0-203-0-11514,TMI,1916,21:00,L(-12),0.0,,,
3400,0-203-0-11514,TMI,1916,21:00,MAX,18.0,,,
3404,0-203-0-11514,TMI,1916,21:00,MIN,-7.3,,,
3408,0-203-0-11514,TMI,1917,21:00,AVG,4.8,,,
3412,0-203-0-11514,TMI,1917,21:00,GE(20),1.0,,,
3416,0-203-0-11514,TMI,1917,21:00,L(0),100.0,,,
3420,0-203-0-11514,TMI,1917,21:00,L(-12),12.0,,,
3424,0-203-0-11514,TMI,1917,21:00,MAX,20.0,,,
3428,0-203-0-11514,TMI,1917,21:00,MIN,-20.7,,,
3432,0-203-0-11514,TMI,1918,21:00,AVG,6.1,,,
3436,0-203-0-11514,TMI,1918,21:00,GE(20),0.0,,,
3440,0-203-0-11514,TMI,1918,21:00,L(0),74.0,,,
3444,0-203-0-11514,TMI,1918,21:00,L(-12),0.0,,,
3448,0-203-0-11514,TMI,1918,21:00,MAX,19.4,,,
3452,0-203-0-11514,TMI,1918,21:00,MIN,-9.5,,,
3456,0-203-0-11514,TMI,1919,21:00,AVG,5.5,,,
3460,0-203-0-11514,TMI,1919,21:00,GE(20),0.0,,,
3464,0-203-0-11514,TMI,1919,21:00,L(0),74.0,,,
3468,0-203-0-11514,TMI,1919,21:00,L(-12),0.0,,,
3472,0-203-0-11514,TMI,1919,21:00,MAX,19.7,,,
3476,0-203-0-11514,TMI,1919,21:00,MIN,-11.2,,,
3480,0-203-0-11514,TMI,1920,21:00,AVG,6.6,,,
3484,0-203-0-11514,TMI,1920,21:00,GE(20),1.0,,,
3488,0-203-0-11514,TMI,1920,21:00,L(0),77.0,,,
3492,0-203-0-11514,TMI,1920,21:00,L(-12),1.0,,,
3496,0-203-0-11514,TMI,1920,21:00,MAX,20.2,,,
3500,0-203-0-11514,TMI,1920,21:00,MIN,-12.2,,,
3504,0-203-0-11514,TMI,1921,21:00,AVG,6.4,,,
3508,0-203-0-11514,TMI,1921,21:00,GE(20),7.0,,,
3512,0-203-0-11514,TMI,1921,21:00,L(0),55.0,,,
3516,0-203-0-11514,TMI,1921,21:00,L(-12),0.0,,,
3520,0-203-0-11514,TMI,1921,21:00,MAX,22.0,,,
3524,0-203-0-11514,TMI,1921,21:00,MIN,-11.2,,,
3528,0-203-0-11514,TMI,1922,21:00,AVG,5.0,,,
3532,0-203-0-11514,TMI,1922,21:00,GE(20),1.0,,,
3536,0-203-0-11514,TMI,1922,21:00,L(0),80.0,,,
3540,0-203-0-11514,TMI,1922,21:00,L(-12),10.0,,,
3544,0-203-0-11514,TMI,1922,21:00,MAX,20.7,,,
3548,0-203-0-11514,TMI,1922,21:00,MIN,-19.4,,,
3552,0-203-0-11514,TMI,1923,21:00,AVG,6.2,,,
3556,0-203-0-11514,TMI,1923,21:00,GE(20),0.0,,,
3560,0-203-0-11514,TMI,1923,21:00,L(0),65.0,,,
3564,0-203-0-11514,TMI,1923,21:00,L(-12),5.0,,,
3568,0-203-0-11514,TMI,1923,21:00,MAX,19.8,,,
3572,0-203-0-11514,TMI,1923,21:00,MIN,-15.5,,,
3576,0-203-0-11514,TMI,1924,21:00,AVG,5.5,,,
3580,0-203-0-11514,TMI,1924,21:00,GE(20),0.0,,,
3584,0-203-0-11514,TMI,1924,21:00,L(0),99.0,,,
3588,0-203-0-11514,TMI,1924,21:00,L(-12),1.0,,,
3592,0-203-0-11514,TMI,1924,21:00,MAX,19.5,,,
3596,0-203-0-11514,TMI,1924,21:00,MIN,-13.6,,,
3600,0-203-0-11514,TMI,1925,21:00,AVG,6.4,,,
3604,0-203-0-11514,TMI,1925,21:00,GE(20),0.0,,,
3608,0-203-0-11514,TMI,1925,21:00,L(0),51.0,,,
3612,0-203-0-11514,TMI,1925,21:00,L(-12),4.0,,,
3616,0-203-0-11514,TMI,1925,21:00,MAX,18.3,,,
3620,0-203-0-11514,TMI,1925,21:00,MIN,-14.8,,,
3624,0-203-0-11514,TMI,1926,21:00,AVG,6.8,,,
3628,0-203-0-11514,TMI,1926,21:00,GE(20),0.0,,,
3632,0-203-0-11514,TMI,1926,21:00,L(0),41.0,,,
3636,0-203-0-11514,TMI,1926,21:00,L(-12),0.0,,,
3640,0-203-0-11514,TMI,1926,21:00,MAX,18.4,,,
3644,0-203-0-11514,TMI,1926,21:00,MIN,-11.1,,,
3648,0-203-0-11514,TMI,1927,21:00,AVG,6.2,,,
3652,0-203-0-11514,TMI,1927,21:00,GE(20),0.0,,,
3656,0-203-0-11514,TMI,1927,21:00,L(0),68.0,,,
3660,0-203-0-11514,TMI,1927,21:00,L(-12),2.0,,,
3664,0-203-0-11514,TMI,1927,21:00,MAX,19.7,,,
3668,0-203-0-11514,TMI,1927,21:00,MIN,-20.4,,,
3672,0-203-0-11514,TMI,1928,21:00,AVG,6.3,,,
3676,0-203-0-11514,TMI,1928,21:00,GE(20),3.0,,,
3680,0-203-0-11514,TMI,1928,21:00,L(0),55.0,,,
3684,0-203-0-11514,TMI,1928,21:00,L(-12),0.0,,,
3688,0-203-0-11514,TMI,1928,21:00,MAX,22.0,,,
3692,0-203-0-11514,TMI,1928,21:00,MIN,-10.3,,,
3696,0-203-0-11514,TMI,1929,21:00,AVG,4.4,,,
3700,0-203-0-11514,TMI,1929,21:00,GE(20),2.0,,,
3704,0-203-0-11514,TMI,1929,21:00,L(0),98.0,,,
3708,0-203-0-11514,TMI,1929,21:00,L(-12),25.0,,,
3712,0-203-0-11514,TMI,1929,21:00,MAX,22.0,,,
3716,0-203-0-11514,TMI,1929,21:00,MIN,-27.1,,,
3720,0-203-0-11514,TMI,1930,21:00,AVG,6.6,,,
3724,0-203-0-11514,TMI,1930,21:00,GE(20),1.0,,,
3728,0-203-0-11514,TMI,1930,21:00,L(0),68.0,,,
3732,0-203-0-11514,TMI,1930,21:00,L(-12),0.0,,,
3736,0-203-0-11514,TMI,1930,21:00,MAX,20.2,,,
3740,0-203-0-11514,TMI,1930,21:00,MIN,-8.0,*,,
3744,0-203-0-11514,TMI,1931,21:00,AVG,5.4,,,
3748,0-203-0-11514,TMI,1931,21:00,GE(20),0.0,,,
3752,0-203-0-11514,TMI,1931,21:00,L(0),92.0,,,
3756,0-203-0-11514,TMI,1931,21:00,L(-12),0.0,,,
3760,0-203-0-11514,TMI,1931,21:00,MAX,19.7,,,
3764,0-203-0-11514,TMI,1931,21:00,MIN,-10.6,,,
3768,0-203-0-11514,TMI,1932,21:00,AVG,6.1,,,
3772,0-203-0-11514,TMI,1932,21:00,GE(20),3.0,,,
3776,0-203-0-11514,TMI,1932,21:00,L(0),98.0,,,
3780,0-203-0-11514,TMI,1932,21:00,L(-12),4.0,,,
3784,0-203-0-11514,TMI,1932,21:00,MAX,20.5,,,
3788,0-203-0-11514,TMI,1932,21:00,MIN,-15.7,,,
3792,0-203-0-11514,TMI,1933,21:00,AVG,5.2,,,
3796,0-203-0-11514,TMI,1933,21:00,GE(20),1.0,,,
3800,0-203-0-11514,TMI,1933,21:00,L(0),86.0,,,
3804,0-203-0-11514,TMI,1933,21:00,L(-12),11.0,,,
3808,0-203-0-11514,TMI,1933,21:00,MAX,21.5,,,
3812,0-203-0-11514,TMI,1933,21:00,MIN,-18.3,,,
3816,0-203-0-11514,TMI,1934,21:00,AVG,7.6,,,
3820,0-203-0-11514,TMI,1934,21:00,GE(20),1.0,,,
3824,0-203-0-11514,TMI,1934,21:00,L(0),45.0,,,
3828,0-203-0-11514,TMI,1934,21:00,L(-12),1.0,,,
3832,0-203-0-11514,TMI,1934,21:00,MAX,20.0,,,
3836,0-203-0-11514,TMI,1934,21:00,MIN,-12.9,,,
3840,0-203-0-11514,TMI,1935,21:00,AVG,6.3,,,
3844,0-203-0-11514,TMI,1935,21:00,GE(20),3.0,,,
3848,0-203-0-11514,TMI,1935,21:00,L(0),73.0,,,
3852,0-203-0-11514,TMI,1935,21:00,L(-12),0.0,,,
3856,0-203-0-11514,TMI,1935,21:00,MAX,21.8,,,
3860,0-203-0-11514,TMI,1935,21:00,MIN,-11.9,,,
3864,0-203-0-11514,TMI,1936,21:00,AVG,6.4,,,
3868,0-203-0-11514,TMI,1936,21:00,GE(20),2.0,,,
3872,0-203-0-11514,TMI,1936,21:00,L(0),57.0,,,
3876,0-203-0-11514,TMI,1936,21:00,L(-12),0.0,,,
3880,0-203-0-11514,TMI,1936,21:00,MAX,21.1,,,
3884,0-203-0-11514,TMI,1936,21:00,MIN,-12.0,,,
3888,0-203-0-11514,TMI,1937,21:00,AVG,6.8,,,
3892,0-203-0-11514,TMI,1937,21:00,GE(20),2.0,,,
3896,0-203-0-11514,TMI,1937,21:00,L(0),67.0,,,
3900,0-203-0-11514,TMI,1937,21:00,L(-12),0.0,,,
3904,0-203-0-11514,TMI,1937,21:00,MAX,20.2,*,,
3908,0-203-0-11514,TMI,1937,21:00,MIN,-10.4,,,
3912,0-203-0-11514,TMI,1938,21:00,AVG,6.4,,,
3916,0-203-0-11514,TMI,1938,21:00,GE(20),0.0,,,
3920,0-203-0-11514,TMI,1938,21:00,L(0),54.0,,,
3924,0-203-0-11514,TMI,1938,21:00,L(-12),6.0,,,
3928,0-203-0-11514,TMI,1938,21:00,MAX,19.9,,,
3932,0-203-0-11514,TMI,1938,21:00,MIN,-15.1,,,
3936,0-203-0-11514,TMI,1939,21:00,AVG,6.3,,,
3940,0-203-0-11514,TMI,1939,21:00,GE(20),0.0,,,
3944,0-203-0-11514,TMI,1939,21:00,L(0),76.0,,,
3948,0-203-0-11514,TMI,1939,21:00,L(-12),4.0,,,
3952,0-203-0-11514,TMI,1939,21:00,MAX,18.5,*,,
3956,0-203-0-11514,TMI,1939,21:00,MIN,-19.1,,,
3960,0-203-0-11514,TMI,1940,21:00,AVG,4.1,,,
3964,0-203-0-11514,TMI,1940,21:00,GE(20),0.0,,,
3968,0-203-0-11514,TMI,1940,21:00,L(0),116.0,,,
3972,0-203-0-11514,TMI,1940,21:00,L(-12),30.0,,,
3976,0-203-0-11514,TMI,1940,21:00,MAX,18.2,*,,
3980,0-203-0-11514,TMI,1940,21:00,MIN,-21.1,,,
3984,0-203-0-11514,TMI,1941,21:00,AVG,4.9,,,
3988,0-203-0-11514,TMI,1941,21:00,GE(20),0.0,,,
3992,0-203-0-11514,TMI,1941,21:00,L(0),91.0,,,
3996,0-203-0-11514,TMI,1941,21:00,L(-12),7.0,,,
4000,0-203-0-11514,TMI,1941,21:00,MAX,19.2,,,
4004,0-203-0-11514,TMI,1941,21:00,MIN,-13.5,,,
4008,0-203-0-11514,TMI,1942,21:00,AVG,4.7,,,
4012,0-203-0-11514,TMI,1942,21:00,GE(20),0.0,,,
4016,0-203-0-11514,TMI,1942,21:00,L(0),104.0,,,
4020,0-203-0-11514,TMI,1942,21:00,L(-12),16.0,,,
4024,0-203-0-11514,TMI,1942,21:00,MAX,18.9,*,,
4028,0-203-0-11514,TMI,1942,21:00,MIN,-21.2,,,
4032,0-203-0-11514,TMI,1943,21:00,AVG,6.1,,,
4036,0-203-0-11514,TMI,1943,21:00,GE(20),3.0,,,
4040,0-203-0-11514,TMI,1943,21:00,L(0),80.0,,,
4044,0-203-0-11514,TMI,1943,21:00,L(-12),2.0,,,
4048,0-203-0-11514,TMI,1943,21:00,MAX,20.9,,,
4052,0-203-0-11514,TMI,1943,21:00,MIN,-15.9,,,
4056,0-203-0-11514,TMI,1944,21:00,AVG,5.8,,,
4060,0-203-0-11514,TMI,1944,21:00,GE(20),0.0,,,
4064,0-203-0-11514,TMI,1944,21:00,L(0),79.0,,,
4068,0-203-0-11514,TMI,1944,21:00,L(-12),2.0,,,
4072,0-203-0-11514,TMI,1944,21:00,MAX,19.2,,,
4076,0-203-0-11514,TMI,1944,21:00,MIN,-12.9,,,
4080,0-203-0-11514,TMI,1945,21:00,AVG,6.4,,,
4084,0-203-0-11514,TMI,1945,21:00,GE(20),1.0,,,
4088,0-203-0-11514,TMI,1945,21:00,L(0),58.0,,,
4092,0-203-0-11514,TMI,1945,21:00,L(-12),5.0,,,
4096,0-203-0-11514,TMI,1945,21:00,MAX,20.8,,,
4100,0-203-0-11514,TMI,1945,21:00,MIN,-14.1,,,
4104,0-203-0-11514,TMI,1946,21:00,AVG,5.6,,,
4108,0-203-0-11514,TMI,1946,21:00,GE(20),0.0,,,
4112,0-203-0-11514,TMI,1946,21:00,L(0),75.0,,,
4116,0-203-0-11514,TMI,1946,21:00,L(-12),8.0,,,
4120,0-203-0-11514,TMI,1946,21:00,MAX,19.3,,,
4124,0-203-0-11514,TMI,1946,21:00,MIN,-18.6,,,
4128,0-203-0-11514,TMI,1947,21:00,AVG,5.3,,,
4132,0-203-0-11514,TMI,1947,21:00,GE(20),4.0,,,
4136,0-203-0-11514,TMI,1947,21:00,L(0),100.0,,,
4140,0-203-0-11514,TMI,1947,21:00,L(-12),14.0,,,
4144,0-203-0-11514,TMI,1947,21:00,MAX,22.2,,,
4148,0-203-0-11514,TMI,1947,21:00,MIN,-21.0,,,
4152,0-203-0-11514,TMI,1948,21:00,AVG,6.3,,,
4156,0-203-0-11514,TMI,1948,21:00,GE(20),2.0,,,
4160,0-203-0-11514,TMI,1948,21:00,L(0),72.0,,,
4164,0-203-0-11514,TMI,1948,21:00,L(-12),0.0,,,
4168,0-203-0-11514,TMI,1948,21:00,MAX,20.0,*,,
4172,0-203-0-11514,TMI,1948,21:00,MIN,-11.8,*,,
4176,0-203-0-11514,TMI,1949,21:00,AVG,6.3,,,
4180,0-203-0-11514,TMI,1949,21:00,GE(20),0.0,,,
4184,0-203-0-11514,TMI,1949,21:00,L(0),68.0,,,
4188,0-203-0-11514,TMI,1949,21:00,L(-12),0.0,,,
4192,0-203-0-11514,TMI,1949,21:00,MAX,18.9,,,
4196,0-203-0-11514,TMI,1949,21:00,MIN,-12.0,,,
4200,0-203-0-11514,TMI,1950,21:00,AVG,6.3,,,
4204,0-203-0-11514,TMI,1950,21:00,GE(20),1.0,,,
4208,0-203-0-11514,TMI,1950,21:00,L(0),70.0,,,
4212,0-203-0-11514,TMI,1950,21:00,L(-12),4.0,,,
4216,0-203-0-11514,TMI,1950,21:00,MAX,20.0,,,
4220,0-203-0-11514,TMI,1950,21:00,MIN,-18.4,,,
4224,0-203-0-11514,TMI,1951,21:00,AVG,6.7,,,
4228,0-203-0-11514,TMI,1951,21:00,GE(20),1.0,,,
4232,0-203-0-11514,TMI,1951,21:00,L(0),45.0,,,
4236,0-203-0-11514,TMI,1951,21:00,L(-12),0.0,,,
4240,0-203-0-11514,TMI,1951,21:00,MAX,21.3,,,
4244,0-203-0-11514,TMI,1951,21:00,MIN,-10.3,,,
4248,0-203-0-11514,TMI,1952,21:00,AVG,6.2,,,
4252,0-203-0-11514,TMI,1952,21:00,GE(20),7.0,,,
4256,0-203-0-11514,TMI,1952,21:00,L(0),89.0,,,
4260,0-203-0-11514,TMI,1952,21:00,L(-12),0.0,,,
4264,0-203-0-11514,TMI,1952,21:00,MAX,22.2,,,
4268,0-203-0-11514,TMI,1952,21:00,MIN,-7.6,*,,
4272,0-203-0-11514,TMI,1953,21:00,AVG,6.7,,,
4276,0-203-0-11514,TMI,1953,21:00,GE(20),0.0,,,
4280,0-203-0-11514,TMI,1953,21:00,L(0),73.0,,,
4284,0-203-0-11514,TMI,1953,21:00,L(-12),0.0,,,
4288,0-203-0-11514,TMI,1953,21:00,MAX,19.6,,,
4292,0-203-0-11514,TMI,1953,21:00,MIN,-10.8,,,
4296,0-203-0-11514,TMI,1954,21:00,AVG,5.6,,,
4300,0-203-0-11514,TMI,1954,21:00,GE(20),1.0,,,
4304,0-203-0-11514,TMI,1954,21:00,L(0),74.0,,,
4308,0-203-0-11514,TMI,1954,21:00,L(-12),15.0,,,
4312,0-203-0-11514,TMI,1954,21:00,MAX,20.1,,,
4316,0-203-0-11514,TMI,1954,21:00,MIN,-18.6,,,
4320,0-203-0-11514,TMI,1955,21:00,AVG,5.5,,,
4324,0-203-0-11514,TMI,1955,21:00,GE(20),0.0,,,
4328,0-203-0-11514,TMI,1955,21:00,L(0),96.0,,,
4332,0-203-0-11514,TMI,1955,21:00,L(-12),2.0,,,
4336,0-203-0-11514,TMI,1955,21:00,MAX,19.2,,,
4340,0-203-0-11514,TMI,1955,21:00,MIN,-13.2,,,
4344,0-203-0-11514,TMI,1956,21:00,AVG,4.6,,,
4348,0-203-0-11514,TMI,1956,21:00,GE(20),0.0,,,
4352,0-203-0-11514,TMI,1956,21:00,L(0),86.0,,,
4356,0-203-0-11514,TMI,1956,21:00,L(-12),17.0,,,
4360,0-203-0-11514,TMI,1956,21:00,MAX,18.5,,,
4364,0-203-0-11514,TMI,1956,21:00,MIN,-24.3,,,
4368,0-203-0-11514,TMI,1957,21:00,AVG,6.2,,,
4372,0-203-0-11514,TMI,1957,21:00,GE(20),6.0,,,
4376,0-203-0-11514,TMI,1957,21:00,L(0),50.0,,,
4380,0-203-0-11514,TMI,1957,21:00,L(-12),1.0,,,
4384,0-203-0-11514,TMI,1957,21:00,MAX,23.5,,,
4388,0-203-0-11514,TMI,1957,21:00,MIN,-12.3,,,
4392,0-203-0-11514,TMI,1958,21:00,AVG,6.1,,,
4396,0-203-0-11514,TMI,1958,21:00,GE(20),0.0,,,
4400,0-203-0-11514,TMI,1958,21:00,L(0),73.0,,,
4404,0-203-0-11514,TMI,1958,21:00,L(-12),0.0,,,
4408,0-203-0-11514,TMI,1958,21:00,MAX,19.8,,,
4412,0-203-0-11514,TMI,1958,21:00,MIN,-11.3,,,
4416,0-203-0-11514,TMI,1959,21:00,AVG,6.0,,,
4420,0-203-0-11514,TMI,1959,21:00,GE(20),2.0,,,
4424,0-203-0-11514,TMI,1959,21:00,L(0),67.0,,,
4428,0-203-0-11514,TMI,1959,21:00,L(-12),0.0,,,
4432,0-203-0-11514,TMI,1959,21:00,MAX,22.1,,,
4436,0-203-0-11514,TMI,1959,21:00,MIN,-11.6,,,
4440,0-203-0-11514,TMI,1960,21:00,AVG,6.1,,,
4444,0-203-0-11514,TMI,1960,21:00,GE(20),0.0,,,
4448,0-203-0-11514,TMI,1960,21:00,L(0),63.0,,,
4452,0-203-0-11514,TMI,1960,21:00,L(-12),5.0,,,
4456,0-203-0-11514,TMI,1960,21:00,MAX,18.9,,,
4460,0-203-0-11514,TMI,1960,21:00,MIN,-16.8,,,
4464,0-203-0-11514,TMI,1961,21:00,AVG,6.3,,,
4468,0-203-0-11514,TMI,1961,21:00,GE(20),0.0,,,
4472,0-203-0-11514,TMI,1961,21:00,L(0),58.0,,,
4476,0-203-0-11514,TMI,1961,21:00,L(-12),7.0,,,
4480,0-203-0-11514,TMI,1961,21:00,MAX,19.3,,,
4484,0-203-0-11514,TMI,1961,21:00,MIN,-16.7,,,
4488,0-203-0-11514,TMI,1962,21:00,AVG,4.8,,,
4492,0-203-0-11514,TMI,1962,21:00,GE(20),0.0,,,
4496,0-203-0-11514,TMI,1962,21:00,L(0),92.0,,,
4500,0-203-0-11514,TMI,1962,21:00,L(-12),6.0,,,
4504,0-203-0-11514,TMI,1962,21:00,MAX,18.9,,,
4508,0-203-0-11514,TMI,1962,21:00,MIN,-14.9,,,
4512,0-203-0-11514,TMI,1963,21:00,AVG,4.7,,,
4516,0-203-0-11514,TMI,1963,21:00,GE(20),0.0,,,
4520,0-203-0-11514,TMI,1963,21:00,L(0),102.0,,,
4524,0-203-0-11514,TMI,1963,21:00,L(-12),25.0,,,
4528,0-203-0-11514,TMI,1963,21:00,MAX,19.0,*,,
4532,0-203-0-11514,TMI,1963,21:00,MIN,-17.4,*,,
4536,0-203-0-11514,TMI,1964,21:00,AVG,5.9,,,
4540,0-203-0-11514,TMI,1964,21:00,GE(20),1.0,,,
4544,0-203-0-11514,TMI,1964,21:00,L(0),84.0,,,
4548,0-203-0-11514,TMI,1964,21:00,L(-12),6.0,,,
4552,0-203-0-11514,TMI,1964,21:00,MAX,20.5,,,
4556,0-203-0-11514,TMI,1964,21:00,MIN,-17.1,,,
4560,0-203-0-11514,TMI,1965,21:00,AVG,5.8,,,
4564,0-203-0-11514,TMI,1965,21:00,GE(20),1.0,,,
4568,0-203-0-11514,TMI,1965,21:00,L(0),68.0,,,
4572,0-203-0-11514,TMI,1965,21:00,L(-12),0.0,,,
4576,0-203-0-11514,TMI,1965,21:00,MAX,20.2,,,
4580,0-203-0-11514,TMI,1965,21:00,MIN,-9.8,,,
4584,0-203-0-11514,TMI,1966,21:00,AVG,7.1,,,
4588,0-203-0-11514,TMI,1966,21:00,GE(20),0.0,,,
4592,0-203-0-11514,TMI,1966,21:00,L(0),48.0,,,
4596,0-203-0-11514,TMI,1966,21:00,L(-12),1.0,,,
4600,0-203-0-11514,TMI,1966,21:00,MAX,19.9,,,
4604,0-203-0-11514,TMI,1966,21:00,MIN,-13.4,,,
4608,0-203-0-11514,TMI,1967,21:00,AVG,7.0,,,
4612,0-203-0-11514,TMI,1967,21:00,GE(20),3.0,,,
4616,0-203-0-11514,TMI,1967,21:00,L(0),54.0,,,
4620,0-203-0-11514,TMI,1967,21:00,L(-12),1.0,,,
4624,0-203-0-11514,TMI,1967,21:00,MAX,21.4,,,
4628,0-203-0-11514,TMI,1967,21:00,MIN,-14.0,,,
4632,0-203-0-11514,TMI,1968,21:00,AVG,6.4,,,
4636,0-203-0-11514,TMI,1968,21:00,GE(20),1.0,,,
4640,0-203-0-11514,TMI,1968,21:00,L(0),75.0,,,
4644,0-203-0-11514,TMI,1968,21:00,L(-12),2.0,,,
4648,0-203-0-11514,TMI,1968,21:00,MAX,20.0,,,
4652,0-203-0-11514,TMI,1968,21:00,MIN,-13.2,,,
4656,0-203-0-11514,TMI,1969,21:00,AVG,5.6,,,
4660,0-203-0-11514,TMI,1969,21:00,GE(20),1.0,,,
4664,0-203-0-11514,TMI,1969,21:00,L(0),96.0,,,
4668,0-203-0-11514,TMI,1969,21:00,L(-12),4.0,,,
4672,0-203-0-11514,TMI,1969,21:00,MAX,20.4,,,
4676,0-203-0-11514,TMI,1969,21:00,MIN,-20.0,,,
4680,0-203-0-11514,TMI,1970,21:00,AVG,6.1,,,
4684,0-203-0-11514,TMI,1970,21:00,GE(20),0.0,,,
4688,0-203-0-11514,TMI,1970,21:00,L(0),75.0,,,
4692,0-203-0-11514,TMI,1970,21:00,L(-12),0.0,,,
4696,0-203-0-11514,TMI,1970,21:00,MAX,19.3,,,
4700,0-203-0-11514,TMI,1970,21:00,MIN,-11.5,,,
4704,0-203-0-11514,TMI,1971,21:00,AVG,6.3,,,
4708,0-203-0-11514,TMI,1971,21:00,GE(20),3.0,,,
4712,0-203-0-11514,TMI,1971,21:00,L(0),58.0,,,
4716,0-203-0-11514,TMI,1971,21:00,L(-12),6.0,,,
4720,0-203-0-11514,TMI,1971,21:00,MAX,20.9,,,
4724,0-203-0-11514,TMI,1971,21:00,MIN,-16.5,,,
4728,0-203-0-11514,TMI,1972,21:00,AVG,6.4,,,
4732,0-203-0-11514,TMI,1972,21:00,GE(20),3.0,,,
4736,0-203-0-11514,TMI,1972,21:00,L(0),62.0,,,
4740,0-203-0-11514,TMI,1972,21:00,L(-12),0.0,,,
4744,0-203-0-11514,TMI,1972,21:00,MAX,21.1,,,
4748,0-203-0-11514,TMI,1972,21:00,MIN,-10.9,,,
4752,0-203-0-11514,TMI,1973,21:00,AVG,6.3,,,
4756,0-203-0-11514,TMI,1973,21:00,GE(20),0.0,,,
4760,0-203-0-11514,TMI,1973,21:00,L(0),58.0,,,
4764,0-203-0-11514,TMI,1973,21:00,L(-12),0.0,,,
4768,0-203-0-11514,TMI,1973,21:00,MAX,19.4,*,,
4772,0-203-0-11514,TMI,1973,21:00,MIN,-11.3,,,
4776,0-203-0-11514,TMI,1974,21:00,AVG,7.2,,,
4780,0-203-0-11514,TMI,1974,21:00,GE(20),0.0,,,
4784,0-203-0-11514,TMI,1974,21:00,L(0),19.0,,,
4788,0-203-0-11514,TMI,1974,21:00,L(-12),0.0,,,
4792,0-203-0-11514,TMI,1974,21:00,MAX,19.0,,,
4796,0-203-0-11514,TMI,1974,21:00,MIN,-2.5,,,
4800,0-203-0-11514,TMI,1975,21:00,AVG,7.1,,,
4804,0-203-0-11514,TMI,1975,21:00,GE(20),0.0,,,
4808,0-203-0-11514,TMI,1975,21:00,L(0),46.0,,,
4812,0-203-0-11514,TMI,1975,21:00,L(-12),0.0,,,
4816,0-203-0-11514,TMI,1975,21:00,MAX,19.1,*,,
4820,0-203-0-11514,TMI,1975,21:00,MIN,-12.0,,,
4824,0-203-0-11514,TMI,1976,21:00,AVG,6.6,,,
4828,0-203-0-11514,TMI,1976,21:00,GE(20),4.0,,,
4832,0-203-0-11514,TMI,1976,21:00,L(0),67.0,,,
4836,0-203-0-11514,TMI,1976,21:00,L(-12),1.0,,,
4840,0-203-0-11514,TMI,1976,21:00,MAX,21.6,,,
4844,0-203-0-11514,TMI,1976,21:00,MIN,-12.7,,,
4848,0-203-0-11514,TMI,1977,21:00,AVG,6.8,,,
4852,0-203-0-11514,TMI,1977,21:00,GE(20),0.0,,,
4856,0-203-0-11514,TMI,1977,21:00,L(0),59.0,,,
4860,0-203-0-11514,TMI,1977,21:00,L(-12),0.0,,,
4864,0-203-0-11514,TMI,1977,21:00,MAX,18.6,,,
4868,0-203-0-11514,TMI,1977,21:00,MIN,-10.6,,,
4872,0-203-0-11514,TMI,1978,21:00,AVG,6.3,,,
4876,0-203-0-11514,TMI,1978,21:00,GE(20),0.0,,,
4880,0-203-0-11514,TMI,1978,21:00,L(0),47.0,,,
4884,0-203-0-11514,TMI,1978,21:00,L(-12),0.0,,,
4888,0-203-0-11514,TMI,1978,21:00,MAX,19.0,,,
4892,0-203-0-11514,TMI,1978,21:00,MIN,-11.4,,,
4896,0-203-0-11514,TMI,1979,21:00,AVG,6.3,,,
4900,0-203-0-11514,TMI,1979,21:00,GE(20),2.0,,,
4904,0-203-0-11514,TMI,1979,21:00,L(0),57.0,,,
4908,0-203-0-11514,TMI,1979,21:00,L(-12),5.0,,,
4912,0-203-0-11514,TMI,1979,21:00,MAX,20.5,,,
4916,0-203-0-11514,TMI,1979,21:00,MIN,-17.3,,,
4920,0-203-0-11514,TMI,1980,21:00,AVG,5.7,,,
4924,0-203-0-11514,TMI,1980,21:00,GE(20),1.0,,,
4928,0-203-0-11514,TMI,1980,21:00,L(0),68.0,,,
4932,0-203-0-11514,TMI,1980,21:00,L(-12),4.0,,,
4936,0-203-0-11514,TMI,1980,21:00,MAX,22.6,,,
4940,0-203-0-11514,TMI,1980,21:00,MIN,-15.6,,,
4944,0-203-0-11514,TMI,1981,21:00,AVG,6.7,,,
4948,0-203-0-11514,TMI,1981,21:00,GE(20),0.0,,,
4952,0-203-0-11514,TMI,1981,21:00,L(0),70.0,,,
4956,0-203-0-11514,TMI,1981,21:00,L(-12),1.0,,,
4960,0-203-0-11514,TMI,1981,21:00,MAX,19.5,,,
4964,0-203-0-11514,TMI,1981,21:00,MIN,-13.1,,,
4968,0-203-0-11514,TMI,1982,21:00,AVG,6.8,,,
4972,0-203-0-11514,TMI,1982,21:00,GE(20),1.0,,,
4976,0-203-0-11514,TMI,1982,21:00,L(0),58.0,,,
4980,0-203-0-11514,TMI,1982,21:00,L(-12),6.0,,,
4984,0-203-0-11514,TMI,1982,21:00,MAX,20.0,,,
4988,0-203-0-11514,TMI,1982,21:00,MIN,-18.5,,,
4992,0-203-0-11514,TMI,1983,21:00,AVG,7.2,,,
4996,0-203-0-11514,TMI,1983,21:00,GE(20),5.0,,,
5000,0-203-0-11514,TMI,1983,21:00,L(0),65.0,,,
5004,0-203-0-11514,TMI,1983,21:00,L(-12),1.0,,,
5008,0-203-0-11514,TMI,1983,21:00,MAX,22.2,,,
5012,0-203-0-11514,TMI,1983,21:00,MIN,-14.6,,,
5016,0-203-0-11514,TMI,1984,21:00,AVG,6.5,,,
5020,0-203-0-11514,TMI,1984,21:00,GE(20),1.0,,,
5024,0-203-0-11514,TMI,1984,21:00,L(0),54.0,,,
5028,0-203-0-11514,TMI,1984,21:00,L(-12),0.0,,,
5032,0-203-0-11514,TMI,1984,21:00,MAX,20.7,,,
5036,0-203-0-11514,TMI,1984,21:00,MIN,-10.3,,,
5040,0-203-0-11514,TMI,1985,21:00,AVG,5.9,,,
5044,0-203-0-11514,TMI,1985,21:00,GE(20),0.0,,,
5048,0-203-0-11514,TMI,1985,21:00,L(0),70.0,,,
5052,0-203-0-11514,TMI,1985,21:00,L(-12),12.0,,,
5056,0-203-0-11514,TMI,1985,21:00,MAX,19.5,,,
5060,0-203-0-11514,TMI,1985,21:00,MIN,-20.2,*,,
5064,0-203-0-11514,TMI,1986,21:00,AVG,6.3,,,
5068,0-203-0-11514,TMI,1986,21:00,GE(20),2.0,,,
5072,0-203-0-11514,TMI,1986,21:00,L(0),69.0,,,
5076,0-203-0-11514,TMI,1986,21:00,L(-12),6.0,,,
5080,0-203-0-11514,TMI,1986,21:00,MAX,20.4,,,
5084,0-203-0-11514,TMI,1986,21:00,MIN,-14.8,,,
5088,0-203-0-11514,TMI,1987,21:00,AVG,5.9,,,
5092,0-203-0-11514,TMI,1987,21:00,GE(20),2.0,,,
5096,0-203-0-11514,TMI,1987,21:00,L(0),76.0,,,
5100,0-203-0-11514,TMI,1987,21:00,L(-12),12.0,,,
5104,0-203-0-11514,TMI,1987,21:00,MAX,21.4,,,
5108,0-203-0-11514,TMI,1987,21:00,MIN,-19.5,,,
5112,0-203-0-11514,TMI,1988,21:00,AVG,7.3,,,
5116,0-203-0-11514,TMI,1988,21:00,GE(20),0.0,,,
5120,0-203-0-11514,TMI,1988,21:00,L(0),47.0,,,
5124,0-203-0-11514,TMI,1988,21:00,L(-12),0.0,,,
5128,0-203-0-11514,TMI,1988,21:00,MAX,19.8,,,
5132,0-203-0-11514,TMI,1988,21:00,MIN,-7.9,,,
5136,0-203-0-11514,TMI,1989,21:00,AVG,7.6,,,
5140,0-203-0-11514,TMI,1989,21:00,GE(20),2.0,,,
5144,0-203-0-11514,TMI,1989,21:00,L(0),46.0,,,
5148,0-203-0-11514,TMI,1989,21:00,L(-12),0.0,,,
5152,0-203-0-11514,TMI,1989,21:00,MAX,21.9,,,
5156,0-203-0-11514,TMI,1989,21:00,MIN,-9.0,,,
5160,0-203-0-11514,TMI,1990,21:00,AVG,7.6,,,
5164,0-203-0-11514,TMI,1990,21:00,GE(20),2.0,,,
5168,0-203-0-11514,TMI,1990,21:00,L(0),28.0,,,
5172,0-203-0-11514,TMI,1990,21:00,L(-12),0.0,,,
5176,0-203-0-11514,TMI,1990,21:00,MAX,21.0,,,
5180,0-203-0-11514,TMI,1990,21:00,MIN,-11.6,,,
5184,0-203-0-11514,TMI,1991,21:00,AVG,6.5,,,
5188,0-203-0-11514,TMI,1991,21:00,GE(20),1.0,,,
5192,0-203-0-11514,TMI,1991,21:00,L(0),68.0,,,
5196,0-203-0-11514,TMI,1991,21:00,L(-12),1.0,,,
5200,0-203-0-11514,TMI,1991,21:00,MAX,20.0,,,
5204,0-203-0-11514,TMI,1991,21:00,MIN,-14.8,,,
5208,0-203-0-11514,TMI,1992,21:00,AVG,7.8,,,
5212,0-203-0-11514,TMI,1992,21:00,GE(20),4.0,,,
5216,0-203-0-11514,TMI,1992,21:00,L(0),31.0,,,
5220,0-203-0-11514,TMI,1992,21:00,L(-12),0.0,,,
5224,0-203-0-11514,TMI,1992,21:00,MAX,23.0,,,
5228,0-203-0-11514,TMI,1992,21:00,MIN,-9.0,,,
5232,0-203-0-11514,TMI,1993,21:00,AVG,6.8,,,
5236,0-203-0-11514,TMI,1993,21:00,GE(20),0.0,,,
5240,0-203-0-11514,TMI,1993,21:00,L(0),68.0,,,
5244,0-203-0-11514,TMI,1993,21:00,L(-12),4.0,,,
5248,0-203-0-11514,TMI,1993,21:00,MAX,19.6,,,
5252,0-203-0-11514,TMI,1993,21:00,MIN,-13.9,,,
5256,0-203-0-11514,TMI,1994,21:00,AVG,8.1,,,
5260,0-203-0-11514,TMI,1994,21:00,GE(20),13.0,,,
5264,0-203-0-11514,TMI,1994,21:00,L(0),32.0,,,
5268,0-203-0-11514,TMI,1994,21:00,L(-12),0.0,,,
5272,0-203-0-11514,TMI,1994,21:00,MAX,23.0,,,
5276,0-203-0-11514,TMI,1994,21:00,MIN,-10.9,,,
5280,0-203-0-11514,TMI,1995,21:00,AVG,7.0,,,
5284,0-203-0-11514,TMI,1995,21:00,GE(20),3.0,,,
5288,0-203-0-11514,TMI,1995,21:00,L(0),62.0,,,
5292,0-203-0-11514,TMI,1995,21:00,L(-12),0.0,,,
5296,0-203-0-11514,TMI,1995,21:00,MAX,20.8,,,
5300,0-203-0-11514,TMI,1995,21:00,MIN,-11.7,,,
5304,0-203-0-11514,TMI,1996,21:00,AVG,5.5,,,
5308,0-203-0-11514,TMI,1996,21:00,GE(20),1.0,,,
5312,0-203-0-11514,TMI,1996,21:00,L(0),88.0,,,
5316,0-203-0-11514,TMI,1996,21:00,L(-12),9.0,,,
5320,0-203-0-11514,TMI,1996,21:00,MAX,20.8,,,
5324,0-203-0-11514,TMI,1996,21:00,MIN,-19.8,,,
5328,0-203-0-11514,TMI,1997,21:00,AVG,6.4,,,
5332,0-203-0-11514,TMI,1997,21:00,GE(20),1.0,,,
5336,0-203-0-11514,TMI,1997,21:00,L(0),61.0,,,
5340,0-203-0-11514,TMI,1997,21:00,L(-12),1.0,,,
5344,0-203-0-11514,TMI,1997,21:00,MAX,20.3,,,
5348,0-203-0-11514,TMI,1997,21:00,MIN,-12.7,,,
5352,0-203-0-11514,TMI,1998,21:00,AVG,7.2,,,
5356,0-203-0-11514,TMI,1998,21:00,GE(20),1.0,,,
5360,0-203-0-11514,TMI,1998,21:00,L(0),64.0,,,
5364,0-203-0-11514,TMI,1998,21:00,L(-12),1.0,,,
5368,0-203-0-11514,TMI,1998,21:00,MAX,20.0,,,
5372,0-203-0-11514,TMI,1998,21:00,MIN,-13.3,,,
5376,0-203-0-11514,TMI,1999,21:00,AVG,7.6,,,
5380,0-203-0-11514,TMI,1999,21:00,GE(20),2.0,,,
5384,0-203-0-11514,TMI,1999,21:00,L(0),55.0,,,
5388,0-203-0-11514,TMI,1999,21:00,L(-12),1.0,,,
5392,0-203-0-11514,TMI,1999,21:00,MAX,21.8,,,
5396,0-203-0-11514,TMI,1999,21:00,MIN,-13.2,,,
5400,0-203-0-11514,TMI,2000,21:00,AVG,8.3,,,
5404,0-203-0-11514,TMI,2000,21:00,GE(20),5.0,,,
5408,0-203-0-11514,TMI,2000,21:00,L(0),33.0,,,
5412,0-203-0-11514,TMI,2000,21:00,L(-12),0.0,,,
5416,0-203-0-11514,TMI,2000,21:00,MAX,21.7,,,
5420,0-203-0-11514,TMI,2000,21:00,MIN,-10.5,,,
5424,0-203-0-11514,TMI,2001,21:00,AVG,7.3,,,
5428,0-203-0-11514,TMI,2001,21:00,GE(20),2.0,,,
5432,0-203-0-11514,TMI,2001,21:00,L(0),68.0,,,
5436,0-203-0-11514,TMI,2001,21:00,L(-12),0.0,,,
5440,0-203-0-11514,TMI,2001,21:00,MAX,20.6,,,
5444,0-203-0-11514,TMI,2001,21:00,MIN,-10.1,,,
5448,0-203-0-11514,TMI,2002,21:00,AVG,7.8,,,
5452,0-203-0-11514,TMI,2002,21:00,GE(20),5.0,,,
5456,0-203-0-11514,TMI,2002,21:00,L(0),49.0,,,
5460,0-203-0-11514,TMI,2002,21:00,L(-12),1.0,,,
5464,0-203-0-11514,TMI,2002,21:00,MAX,21.0,,,
5468,0-203-0-11514,TMI,2002,21:00,MIN,-12.7,,,
5472,0-203-0-11514,TMI,2003,21:00,AVG,7.3,,,
5476,0-203-0-11514,TMI,2003,21:00,GE(20),9.0,,,
5480,0-203-0-11514,TMI,2003,21:00,L(0),74.0,,,
5484,0-203-0-11514,TMI,2003,21:00,L(-12),0.0,,,
5488,0-203-0-11514,TMI,2003,21:00,MAX,22.1,,,
5492,0-203-0-11514,TMI,2003,21:00,MIN,-10.4,,,
5496,0-203-0-11514,TMI,2004,21:00,AVG,7.4,,,
5500,0-203-0-11514,TMI,2004,21:00,GE(20),2.0,,,
5504,0-203-0-11514,TMI,2004,21:00,L(0),62.0,,,
5508,0-203-0-11514,TMI,2004,21:00,L(-12),3.0,,,
5512,0-203-0-11514,TMI,2004,21:00,MAX,20.4,,,
5516,0-203-0-11514,TMI,2004,21:00,MIN,-14.8,,,
5520,0-203-0-11514,TMI,2005,21:00,AVG,7.3,,,
5524,0-203-0-11514,TMI,2005,21:00,GE(20),2.0,,,
5528,0-203-0-11514,TMI,2005,21:00,L(0),66.0,,,
5532,0-203-0-11514,TMI,2005,21:00,L(-12),0.0,,,
5536,0-203-0-11514,TMI,2005,21:00,MAX,22.4,,,
5540,0-203-0-11514,TMI,2005,21:00,MIN,-10.7,,,
5544,0-203-0-11514,TMI,2006,21:00,AVG,7.6,,,
5548,0-203-0-11514,TMI,2006,21:00,GE(20),15.0,,,
5552,0-203-0-11514,TMI,2006,21:00,L(0),65.0,,,
5556,0-203-0-11514,TMI,2006,21:00,L(-12),2.0,,,
5560,0-203-0-11514,TMI,2006,21:00,MAX,23.8,,,
5564,0-203-0-11514,TMI,2006,21:00,MIN,-14.0,,,
5568,0-203-0-11514,TMI,2007,21:00,AVG,8.6,,,
5572,0-203-0-11514,TMI,2007,21:00,GE(20),9.0,,,
5576,0-203-0-11514,TMI,2007,21:00,L(0),30.0,,,
5580,0-203-0-11514,TMI,2007,21:00,L(-12),0.0,,,
5584,0-203-0-11514,TMI,2007,21:00,MAX,22.9,,,
5588,0-203-0-11514,TMI,2007,21:00,MIN,-5.2,*,,
5592,0-203-0-11514,TMI,2008,21:00,AVG,8.3,,,
5596,0-203-0-11514,TMI,2008,21:00,GE(20),3.0,,,
5600,0-203-0-11514,TMI,2008,21:00,L(0),31.0,,,
5604,0-203-0-11514,TMI,2008,21:00,L(-12),0.0,,,
5608,0-203-0-11514,TMI,2008,21:00,MAX,21.1,,,
5612,0-203-0-11514,TMI,2008,21:00,MIN,-7.3,,,
5616,0-203-0-11514,TMI,2009,21:00,AVG,8.1,,,
5620,0-203-0-11514,TMI,2009,21:00,GE(20),0.0,,,
5624,0-203-0-11514,TMI,2009,21:00,L(0),50.0,,,
5628,0-203-0-11514,TMI,2009,21:00,L(-12),1.0,,,
5632,0-203-0-11514,TMI,2009,21:00,MAX,19.9,,,
5636,0-203-0-11514,TMI,2009,21:00,MIN,-13.1,,,
5640,0-203-0-11514,TMI,2010,21:00,AVG,6.6,,,
5644,0-203-0-11514,TMI,2010,21:00,GE(20),11.0,,,
5648,0-203-0-11514,TMI,2010,21:00,L(0),86.0,,,
5652,0-203-0-11514,TMI,2010,21:00,L(-12),1.0,,,
5656,0-203-0-11514,TMI,2010,21:00,MAX,23.3,,,
5660,0-203-0-11514,TMI,2010,21:00,MIN,-14.8,,,
5664,0-203-0-11514,TMI,2011,21:00,AVG,7.8,,,
5668,0-203-0-11514,TMI,2011,21:00,GE(20),1.0,,,
5672,0-203-0-11514,TMI,2011,21:00,L(0),51.0,,,
5676,0-203-0-11514,TMI,2011,21:00,L(-12),0.0,,,
5680,0-203-0-11514,TMI,2011,21:00,MAX,21.9,,,
5684,0-203-0-11514,TMI,2011,21:00,MIN,-10.8,,,
5688,0-203-0-11514,TMI,2012,21:00,AVG,7.8,,,
5692,0-203-0-11514,TMI,2012,21:00,GE(20),7.0,,,
5696,0-203-0-11514,TMI,2012,21:00,L(0),45.0,,,
5700,0-203-0-11514,TMI,2012,21:00,L(-12),9.0,,,
5704,0-203-0-11514,TMI,2012,21:00,MAX,22.1,*,,
5708,0-203-0-11514,TMI,2012,21:00,MIN,-17.1,,,
5712,0-203-0-11514,TMI,2013,21:00,AVG,7.6,,,
5716,0-203-0-11514,TMI,2013,21:00,GE(20),9.0,,,
5720,0-203-0-11514,TMI,2013,21:00,L(0),60.0,,,
5724,0-203-0-11514,TMI,2013,21:00,L(-12),1.0,,,
5728,0-203-0-11514,TMI,2013,21:00,MAX,23.4,,,
5732,0-203-0-11514,TMI,2013,21:00,MIN,-12.5,,,
5736,0-203-0-11514,TMI,2014,21:00,AVG,9.0,,,
5740,0-203-0-11514,TMI,2014,21:00,GE(20),7.0,,,
5744,0-203-0-11514,TMI,2014,21:00,L(0),21.0,,,
5748,0-203-0-11514,TMI,2014,21:00,L(-12),0.0,,,
5752,0-203-0-11514,TMI,2014,21:00,MAX,20.8,*,,
5756,0-203-0-11514,TMI,2014,21:00,MIN,-9.9,,,
5760,0-203-0-11514,TMI,2015,21:00,AVG,8.9,,,
5764,0-203-0-11514,TMI,2015,21:00,GE(20),27.0,,,
5768,0-203-0-11514,TMI,2015,21:00,L(0),15.0,,,
5772,0-203-0-11514,TMI,2015,21:00,L(-12),0.0,,,
5776,0-203-0-11514,TMI,2015,21:00,MAX,24.0,,,
5780,0-203-0-11514,TMI,2015,21:00,MIN,-4.6,,,
5784,0-203-0-11514,TMI,2016,21:00,AVG,8.4,,,
5788,0-203-0-11514,TMI,2016,21:00,GE(20),5.0,,,
5792,0-203-0-11514,TMI,2016,21:00,L(0),37.0,,,
5796,0-203-0-11514,TMI,2016,21:00,L(-12),0.0,,,
5800,0-203-0-11514,TMI,2016,21:00,MAX,22.3,,,
5804,0-203-0-11514,TMI,2016,21:00,MIN,-11.2,,,
5808,0-203-0-11514,TMI,2017,21:00,AVG,8.2,,,
5812,0-203-0-11514,TMI,2017,21:00,GE(20),9.0,,,
5816,0-203-0-11514,TMI,2017,21:00,L(0),44.0,,,
5820,0-203-0-11514,TMI,2017,21:00,L(-12),1.0,,,
5824,0-203-0-11514,TMI,2017,21:00,MAX,22.6,,,
5828,0-203-0-11514,TMI,2017,21:00,MIN,-12.3,,,
5832,0-203-0-11514,TMI,2018,21:00,AVG,8.9,,,
5836,0-203-0-11514,TMI,2018,21:00,GE(20),17.0,,,
5840,0-203-0-11514,TMI,2018,21:00,L(0),42.0,,,
5844,0-203-0-11514,TMI,2018,21:00,L(-12),0.0,,,
5848,0-203-0-11514,TMI,2018,21:00,MAX,23.8,,,
5852,0-203-0-11514,TMI,2018,21:00,MIN,-11.9,,,
5856,0-203-0-11514,TMI,2019,21:00,AVG,8.8,,,
5860,0-203-0-11514,TMI,2019,21:00,GE(20),15.0,,,
5864,0-203-0-11514,TMI,2019,21:00,L(0),29.0,,,
5868,0-203-0-11514,TMI,2019,21:00,L(-12),0.0,,,
5872,0-203-0-11514,TMI,2019,21:00,MAX,23.7,,,
5876,0-203-0-11514,TMI,2019,21:00,MIN,-6.4,*,,
5880,0-203-0-11514,TMI,2020,21:00,AVG,8.6,,,
5884,0-203-0-11514,TMI,2020,21:00,GE(20),2.0,,,
5888,0-203-0-11514,TMI,2020,21:00,L(0),23.0,,,
5892,0-203-0-11514,TMI,2020,21:00,L(-12),0.0,,,
5896,0-203-0-11514,TMI,2020,21:00,MAX,20.6,,,
5900,0-203-0-11514,TMI,2020,21:00,MIN,-4.9,,,
5904,0-203-0-11514,TMI,2021,21:00,AVG,7.7,,,
5908,0-203-0-11514,TMI,2021,21:00,GE(20),10.0,,,
5912,0-203-0-11514,TMI,2021,21:00,L(0),40.0,,,
5916,0-203-0-11514,TMI,2021,21:00,L(-12),0.0,,,
5920,0-203-0-11514,TMI,2021,21:00,MAX,24.5,,,
5924,0-203-0-11514,TMI,2021,21:00,MIN,-11.9,,,
5928,0-203-0-11514,TMI,2022,21:00,AVG,8.7,,,
5932,0-203-0-11514,TMI,2022,21:00,GE(20),9.0,,,
5936,0-203-0-11514,TMI,2022,21:00,L(0),33.0,,,
5940,0-203-0-11514,TMI,2022,21:00,L(-12),0.0,,,
5944,0-203-0-11514,TMI,2022,21:00,MAX,21.8,*,,
5948,0-203-0-11514,TMI,2022,21:00,MIN,-7.2,,,
5952,0-203-0-11514,TMI,2023,21:00,AVG,9.3,,,
5956,0-203-0-11514,TMI,2023,21:00,GE(20),15.0,,,
5960,0-203-0-11514,TMI,2023,21:00,L(0),33.0,,,
5964,0-203-0-11514,TMI,2023,21:00,L(-12),0.0,,,
5968,0-203-0-11514,TMI,2023,21:00,MAX,22.6,,,
5972,0-203-0-11514,TMI,2023,21:00,MIN,-6.1,,,
5976,0-203-0-11514,TMI,2024,21:00,AVG,9.7,,,
5980,0-203-0-11514,TMI,2024,21:00,GE(20),22.0,,,
5984,0-203-0-11514,TMI,2024,21:00,L(0),25.0,,,
5988,0-203-0-11514,TMI,2024,21:00,L(-12),0.0,,,
5992,0-203-0-11514,TMI,2024,21:00,MAX,23.2,,,
5996,0-203-0-11514,TMI,2024,21:00,MIN,-8.3,,,
